K,seed,fernandes2015,bharathi2012,bharathi2012_pca,kemp2023
50,1,0.5904444444444444,0.5131111111111111,0.6006666666666667,0.5744444444444445
50,2,0.5002222222222221,0.4755555555555556,0.45266666666666666,0.46311111111111114
50,3,0.5395555555555556,0.5384444444444444,0.48088888888888887,0.4648888888888889
50,4,0.5644444444444444,0.5093333333333333,0.5171111111111111,0.4333333333333333
50,5,0.5104444444444445,0.5326666666666666,0.510888888888889,0.5473333333333333
50,6,0.4588888888888889,0.5204444444444444,0.6188888888888888,0.5677777777777777
50,7,0.5597777777777778,0.5482222222222223,0.38666666666666666,0.5862222222222222
50,8,0.4895555555555556,0.5497777777777777,0.5922222222222222,0.31000000000000005
50,9,0.42377777777777775,0.38400000000000006,0.4508888888888889,0.5066666666666667
50,10,0.5626666666666666,0.4742222222222222,0.5742222222222222,0.5255555555555556
50,11,0.5566666666666666,0.5413333333333333,0.3684444444444444,0.5644444444444444
50,12,0.5833333333333333,0.5660000000000001,0.5359999999999999,0.5744444444444444
50,13,0.44533333333333336,0.5491111111111112,0.44155555555555553,0.5653333333333334
50,14,0.5884444444444444,0.542,0.4902222222222222,0.37844444444444447
50,15,0.510888888888889,0.544888888888889,0.5642222222222222,0.6726666666666666
50,16,0.35933333333333334,0.4482222222222222,0.4848888888888889,0.47733333333333333
50,17,0.6771111111111111,0.5539999999999999,0.6797777777777778,0.6326666666666667
50,18,0.628,0.6317777777777778,0.438,0.5408888888888889
50,19,0.5502222222222223,0.57,0.5968888888888889,0.32599999999999996
50,20,0.5451111111111111,0.6428888888888888,0.4831111111111111,0.536
50,21,0.5753333333333334,0.5553333333333333,0.46266666666666667,0.43644444444444447
50,22,0.5282222222222221,0.532,0.5177777777777778,0.4895555555555556
50,23,0.5386666666666666,0.5304444444444445,0.5855555555555556,0.5077777777777778
50,24,0.44955555555555554,0.442,0.34355555555555556,0.4368888888888889
50,25,0.5422222222222223,0.5262222222222223,0.5437777777777777,0.40888888888888886
50,26,0.392,0.4488888888888889,0.4484444444444444,0.4862222222222222
50,27,0.32933333333333337,0.3688888888888889,0.36911111111111106,0.534888888888889
50,28,0.4408888888888889,0.48466666666666663,0.43333333333333335,0.5568888888888889
50,29,0.6008888888888888,0.5751111111111111,0.4875555555555556,0.366
50,30,0.5057777777777778,0.49244444444444446,0.49955555555555553,0.5091111111111111
1000,1,0.5058666666666667,0.4910333333333333,0.49243333333333333,0.5244944444444445
1000,2,0.4842111111111111,0.4890333333333333,0.45922222222222225,0.4952388888888889
1000,3,0.4978111111111111,0.5023666666666666,0.4847222222222223,0.5251444444444444
1000,4,0.49681111111111115,0.4892222222222223,0.4881666666666667,0.5062722222222222
1000,5,0.5107,0.5148444444444444,0.5192444444444445,0.49271111111111116
1000,6,0.49316666666666664,0.4878444444444444,0.45547777777777776,0.5048222222222222
1000,7,0.505,0.5075888888888889,0.5005222222222223,0.5249666666666667
1000,8,0.5332555555555555,0.5354555555555556,0.5264111111111112,0.471288888888889
1000,9,0.5148777777777778,0.5120555555555555,0.485,0.515938888888889
1000,10,0.5233777777777778,0.5368666666666667,0.5146111111111111,0.49907777777777773
1000,11,0.5203222222222222,0.4986333333333333,0.49301111111111107,0.5090222222222223
1000,12,0.5099777777777778,0.5134888888888889,0.5231222222222222,0.49854444444444446
1000,13,0.4805666666666667,0.4758444444444445,0.45363333333333333,0.49771111111111105
1000,14,0.5318444444444443,0.5024111111111111,0.4686222222222222,0.5133333333333334
1000,15,0.4891444444444445,0.49835555555555555,0.4970333333333333,0.46998333333333336
1000,16,0.5414666666666667,0.5532666666666666,0.5353555555555556,0.4908444444444444
1000,17,0.520988888888889,0.5056333333333333,0.5246,0.48719999999999997
1000,18,0.5313666666666667,0.5320222222222222,0.4921111111111111,0.5229
1000,19,0.49474444444444443,0.4938666666666667,0.47675555555555554,0.5012666666666665
1000,20,0.5081555555555556,0.5156,0.5085444444444445,0.4741555555555556
1000,21,0.5341333333333333,0.5321222222222223,0.5133222222222222,0.4925611111111111
1000,22,0.5030222222222223,0.5192666666666668,0.5157555555555556,0.5186555555555555
1000,23,0.4947555555555556,0.4906888888888889,0.4946111111111111,0.46424444444444435
1000,24,0.5238333333333334,0.5240777777777778,0.5188,0.48773333333333335
1000,25,0.5145666666666666,0.5148555555555555,0.47762222222222217,0.4987444444444445
1000,26,0.4742333333333333,0.4727111111111111,0.44904444444444447,0.4964333333333334
1000,27,0.4997111111111111,0.5126333333333334,0.5118555555555555,0.5345333333333333
1000,28,0.5020333333333333,0.5051,0.46528888888888886,0.5731666666666666
1000,29,0.5066222222222223,0.5195777777777778,0.47544444444444445,0.5015722222222222
1000,30,0.5320222222222222,0.5283555555555556,0.5268111111111111,0.49711111111111117
