surgical,global,ja4_in_scope,scope_keys,cluster_attack_frac,cluster_size,scenario,p,botnet_ja4
0.0,1.0,True,endpoint+tlsJa4,0.5027707808564231,1985,K1000_seed1,0.0,t13d1516h2_synth_0001
0.001,1.0,True,endpoint+tlsJa4,0.5027707808564231,1985,K1000_seed1,0.001,t13d1516h2_synth_0001
0.005,1.0,True,endpoint+tlsJa4,0.5027707808564231,1985,K1000_seed1,0.005,t13d1516h2_synth_0001
0.01,1.0,True,endpoint+tlsJa4,0.5027707808564231,1985,K1000_seed1,0.01,t13d1516h2_synth_0001
0.05,1.0,True,endpoint+tlsJa4,0.5027707808564231,1985,K1000_seed1,0.05,t13d1516h2_synth_0001
0.1,1.0,True,endpoint+tlsJa4,0.5027707808564231,1985,K1000_seed1,0.1,t13d1516h2_synth_0001
0.25,1.0,True,endpoint+tlsJa4,0.5027707808564231,1985,K1000_seed1,0.25,t13d1516h2_synth_0001
0.5,1.0,True,endpoint+tlsJa4,0.5027707808564231,1985,K1000_seed1,0.5,t13d1516h2_synth_0001
0.75,1.0,True,endpoint+tlsJa4,0.5027707808564231,1985,K1000_seed1,0.75,t13d1516h2_synth_0001
0.9,1.0,True,endpoint+tlsJa4,0.5027707808564231,1985,K1000_seed1,0.9,t13d1516h2_synth_0001
0.0,1.0,True,endpoint+tlsJa4,0.5020100502512563,1990,K1000_seed10,0.0,t13d1516h2_synth_000a
0.001,1.0,True,endpoint+tlsJa4,0.5020100502512563,1990,K1000_seed10,0.001,t13d1516h2_synth_000a
0.005,1.0,True,endpoint+tlsJa4,0.5020100502512563,1990,K1000_seed10,0.005,t13d1516h2_synth_000a
0.01,1.0,True,endpoint+tlsJa4,0.5020100502512563,1990,K1000_seed10,0.01,t13d1516h2_synth_000a
0.05,1.0,True,endpoint+tlsJa4,0.5020100502512563,1990,K1000_seed10,0.05,t13d1516h2_synth_000a
0.1,1.0,True,endpoint+tlsJa4,0.5020100502512563,1990,K1000_seed10,0.1,t13d1516h2_synth_000a
0.25,1.0,True,endpoint+tlsJa4,0.5020100502512563,1990,K1000_seed10,0.25,t13d1516h2_synth_000a
0.5,1.0,True,endpoint+tlsJa4,0.5020100502512563,1990,K1000_seed10,0.5,t13d1516h2_synth_000a
0.75,1.0,True,endpoint+tlsJa4,0.5020100502512563,1990,K1000_seed10,0.75,t13d1516h2_synth_000a
0.9,1.0,True,endpoint+tlsJa4,0.5020100502512563,1990,K1000_seed10,0.9,t13d1516h2_synth_000a
0.0,1.0,True,endpoint+tlsJa4,0.5017561465127948,1993,K1000_seed11,0.0,t13d1516h2_synth_000b
0.001,1.0,True,endpoint+tlsJa4,0.5017561465127948,1993,K1000_seed11,0.001,t13d1516h2_synth_000b
0.005,1.0,True,endpoint+tlsJa4,0.5017561465127948,1993,K1000_seed11,0.005,t13d1516h2_synth_000b
0.01,1.0,True,endpoint+tlsJa4,0.5017561465127948,1993,K1000_seed11,0.01,t13d1516h2_synth_000b
0.05,1.0,True,endpoint+tlsJa4,0.5017561465127948,1993,K1000_seed11,0.05,t13d1516h2_synth_000b
0.1,1.0,True,endpoint+tlsJa4,0.5017561465127948,1993,K1000_seed11,0.1,t13d1516h2_synth_000b
0.25,1.0,True,endpoint+tlsJa4,0.5017561465127948,1993,K1000_seed11,0.25,t13d1516h2_synth_000b
0.5,1.0,True,endpoint+tlsJa4,0.5017561465127948,1993,K1000_seed11,0.5,t13d1516h2_synth_000b
0.75,1.0,True,endpoint+tlsJa4,0.5017561465127948,1993,K1000_seed11,0.75,t13d1516h2_synth_000b
0.9,1.0,True,endpoint+tlsJa4,0.5017561465127948,1993,K1000_seed11,0.9,t13d1516h2_synth_000b
0.0,1.0,True,endpoint+tlsJa4,0.501004016064257,1992,K1000_seed12,0.0,t13d1516h2_synth_000c
0.001,1.0,True,endpoint+tlsJa4,0.501004016064257,1992,K1000_seed12,0.001,t13d1516h2_synth_000c
0.005,1.0,True,endpoint+tlsJa4,0.501004016064257,1992,K1000_seed12,0.005,t13d1516h2_synth_000c
0.01,1.0,True,endpoint+tlsJa4,0.501004016064257,1992,K1000_seed12,0.01,t13d1516h2_synth_000c
0.05,1.0,True,endpoint+tlsJa4,0.501004016064257,1992,K1000_seed12,0.05,t13d1516h2_synth_000c
0.1,1.0,True,endpoint+tlsJa4,0.501004016064257,1992,K1000_seed12,0.1,t13d1516h2_synth_000c
0.25,1.0,True,endpoint+tlsJa4,0.501004016064257,1992,K1000_seed12,0.25,t13d1516h2_synth_000c
0.5,1.0,True,endpoint+tlsJa4,0.501004016064257,1992,K1000_seed12,0.5,t13d1516h2_synth_000c
0.75,1.0,True,endpoint+tlsJa4,0.501004016064257,1992,K1000_seed12,0.75,t13d1516h2_synth_000c
0.9,1.0,True,endpoint+tlsJa4,0.501004016064257,1992,K1000_seed12,0.9,t13d1516h2_synth_000c
0.0,1.0,True,endpoint+tlsJa4,0.5012543903662819,1993,K1000_seed13,0.0,t13d1516h2_synth_000d
0.001,1.0,True,endpoint+tlsJa4,0.5012543903662819,1993,K1000_seed13,0.001,t13d1516h2_synth_000d
0.005,1.0,True,endpoint+tlsJa4,0.5012543903662819,1993,K1000_seed13,0.005,t13d1516h2_synth_000d
0.01,1.0,True,endpoint+tlsJa4,0.5012543903662819,1993,K1000_seed13,0.01,t13d1516h2_synth_000d
0.05,1.0,True,endpoint+tlsJa4,0.5012543903662819,1993,K1000_seed13,0.05,t13d1516h2_synth_000d
0.1,1.0,True,endpoint+tlsJa4,0.5012543903662819,1993,K1000_seed13,0.1,t13d1516h2_synth_000d
0.25,1.0,True,endpoint+tlsJa4,0.5012543903662819,1993,K1000_seed13,0.25,t13d1516h2_synth_000d
0.5,1.0,True,endpoint+tlsJa4,0.5012543903662819,1993,K1000_seed13,0.5,t13d1516h2_synth_000d
0.75,1.0,True,endpoint+tlsJa4,0.5012543903662819,1993,K1000_seed13,0.75,t13d1516h2_synth_000d
0.9,1.0,True,endpoint+tlsJa4,0.5012543903662819,1993,K1000_seed13,0.9,t13d1516h2_synth_000d
0.0,1.0,True,endpoint+tlsJa4,0.5022601707684581,1991,K1000_seed14,0.0,t13d1516h2_synth_000e
0.001,1.0,True,endpoint+tlsJa4,0.5022601707684581,1991,K1000_seed14,0.001,t13d1516h2_synth_000e
0.005,1.0,True,endpoint+tlsJa4,0.5022601707684581,1991,K1000_seed14,0.005,t13d1516h2_synth_000e
0.01,1.0,True,endpoint+tlsJa4,0.5022601707684581,1991,K1000_seed14,0.01,t13d1516h2_synth_000e
0.05,1.0,True,endpoint+tlsJa4,0.5022601707684581,1991,K1000_seed14,0.05,t13d1516h2_synth_000e
0.1,1.0,True,endpoint+tlsJa4,0.5022601707684581,1991,K1000_seed14,0.1,t13d1516h2_synth_000e
0.25,1.0,True,endpoint+tlsJa4,0.5022601707684581,1991,K1000_seed14,0.25,t13d1516h2_synth_000e
0.5,1.0,True,endpoint+tlsJa4,0.5022601707684581,1991,K1000_seed14,0.5,t13d1516h2_synth_000e
0.75,1.0,True,endpoint+tlsJa4,0.5022601707684581,1991,K1000_seed14,0.75,t13d1516h2_synth_000e
0.9,1.0,True,endpoint+tlsJa4,0.5022601707684581,1991,K1000_seed14,0.9,t13d1516h2_synth_000e
0.0,1.0,True,endpoint+tlsJa4,0.5007511266900351,1997,K1000_seed15,0.0,t13d1516h2_synth_000f
0.001,1.0,True,endpoint+tlsJa4,0.5007511266900351,1997,K1000_seed15,0.001,t13d1516h2_synth_000f
0.005,1.0,True,endpoint+tlsJa4,0.5007511266900351,1997,K1000_seed15,0.005,t13d1516h2_synth_000f
0.01,1.0,True,endpoint+tlsJa4,0.5007511266900351,1997,K1000_seed15,0.01,t13d1516h2_synth_000f
0.05,1.0,True,endpoint+tlsJa4,0.5007511266900351,1997,K1000_seed15,0.05,t13d1516h2_synth_000f
0.1,1.0,True,endpoint+tlsJa4,0.5007511266900351,1997,K1000_seed15,0.1,t13d1516h2_synth_000f
0.25,1.0,True,endpoint+tlsJa4,0.5007511266900351,1997,K1000_seed15,0.25,t13d1516h2_synth_000f
0.5,1.0,True,endpoint+tlsJa4,0.5007511266900351,1997,K1000_seed15,0.5,t13d1516h2_synth_000f
0.75,1.0,True,endpoint+tlsJa4,0.5007511266900351,1997,K1000_seed15,0.75,t13d1516h2_synth_000f
0.9,1.0,True,endpoint+tlsJa4,0.5007511266900351,1997,K1000_seed15,0.9,t13d1516h2_synth_000f
0.0,1.0,True,endpoint+tlsJa4,0.5,1996,K1000_seed16,0.0,t13d1516h2_synth_0010
0.001,1.0,True,endpoint+tlsJa4,0.5,1996,K1000_seed16,0.001,t13d1516h2_synth_0010
0.005,1.0,True,endpoint+tlsJa4,0.5,1996,K1000_seed16,0.005,t13d1516h2_synth_0010
0.01,1.0,True,endpoint+tlsJa4,0.5,1996,K1000_seed16,0.01,t13d1516h2_synth_0010
0.05,1.0,True,endpoint+tlsJa4,0.5,1996,K1000_seed16,0.05,t13d1516h2_synth_0010
0.1,1.0,True,endpoint+tlsJa4,0.5,1996,K1000_seed16,0.1,t13d1516h2_synth_0010
0.25,1.0,True,endpoint+tlsJa4,0.5,1996,K1000_seed16,0.25,t13d1516h2_synth_0010
0.5,1.0,True,endpoint+tlsJa4,0.5,1996,K1000_seed16,0.5,t13d1516h2_synth_0010
0.75,1.0,True,endpoint+tlsJa4,0.5,1996,K1000_seed16,0.75,t13d1516h2_synth_0010
0.9,1.0,True,endpoint+tlsJa4,0.5,1996,K1000_seed16,0.9,t13d1516h2_synth_0010
0.0,1.0,True,endpoint+tlsJa4,0.5010030090270813,1994,K1000_seed17,0.0,t13d1516h2_synth_0011
0.001,1.0,True,endpoint+tlsJa4,0.5010030090270813,1994,K1000_seed17,0.001,t13d1516h2_synth_0011
0.005,1.0,True,endpoint+tlsJa4,0.5010030090270813,1994,K1000_seed17,0.005,t13d1516h2_synth_0011
0.01,1.0,True,endpoint+tlsJa4,0.5010030090270813,1994,K1000_seed17,0.01,t13d1516h2_synth_0011
0.05,1.0,True,endpoint+tlsJa4,0.5010030090270813,1994,K1000_seed17,0.05,t13d1516h2_synth_0011
0.1,1.0,True,endpoint+tlsJa4,0.5010030090270813,1994,K1000_seed17,0.1,t13d1516h2_synth_0011
0.25,1.0,True,endpoint+tlsJa4,0.5010030090270813,1994,K1000_seed17,0.25,t13d1516h2_synth_0011
0.5,1.0,True,endpoint+tlsJa4,0.5010030090270813,1994,K1000_seed17,0.5,t13d1516h2_synth_0011
0.75,1.0,True,endpoint+tlsJa4,0.5010030090270813,1994,K1000_seed17,0.75,t13d1516h2_synth_0011
0.9,1.0,True,endpoint+tlsJa4,0.5010030090270813,1994,K1000_seed17,0.9,t13d1516h2_synth_0011
0.0,1.0,True,endpoint+tlsJa4,0.503789792824659,1979,K1000_seed18,0.0,t13d1516h2_synth_0012
0.001,1.0,True,endpoint+tlsJa4,0.503789792824659,1979,K1000_seed18,0.001,t13d1516h2_synth_0012
0.005,1.0,True,endpoint+tlsJa4,0.503789792824659,1979,K1000_seed18,0.005,t13d1516h2_synth_0012
0.01,1.0,True,endpoint+tlsJa4,0.503789792824659,1979,K1000_seed18,0.01,t13d1516h2_synth_0012
0.05,1.0,True,endpoint+tlsJa4,0.503789792824659,1979,K1000_seed18,0.05,t13d1516h2_synth_0012
0.1,1.0,True,endpoint+tlsJa4,0.503789792824659,1979,K1000_seed18,0.1,t13d1516h2_synth_0012
0.25,1.0,True,endpoint+tlsJa4,0.503789792824659,1979,K1000_seed18,0.25,t13d1516h2_synth_0012
0.5,1.0,True,endpoint+tlsJa4,0.503789792824659,1979,K1000_seed18,0.5,t13d1516h2_synth_0012
0.75,1.0,True,endpoint+tlsJa4,0.503789792824659,1979,K1000_seed18,0.75,t13d1516h2_synth_0012
0.9,1.0,True,endpoint+tlsJa4,0.503789792824659,1979,K1000_seed18,0.9,t13d1516h2_synth_0012
0.0,1.0,True,endpoint+tlsJa4,0.5025176233635448,1986,K1000_seed19,0.0,t13d1516h2_synth_0013
0.001,1.0,True,endpoint+tlsJa4,0.5025176233635448,1986,K1000_seed19,0.001,t13d1516h2_synth_0013
0.005,1.0,True,endpoint+tlsJa4,0.5025176233635448,1986,K1000_seed19,0.005,t13d1516h2_synth_0013
0.01,1.0,True,endpoint+tlsJa4,0.5025176233635448,1986,K1000_seed19,0.01,t13d1516h2_synth_0013
0.05,1.0,True,endpoint+tlsJa4,0.5025176233635448,1986,K1000_seed19,0.05,t13d1516h2_synth_0013
0.1,1.0,True,endpoint+tlsJa4,0.5025176233635448,1986,K1000_seed19,0.1,t13d1516h2_synth_0013
0.25,1.0,True,endpoint+tlsJa4,0.5025176233635448,1986,K1000_seed19,0.25,t13d1516h2_synth_0013
0.5,1.0,True,endpoint+tlsJa4,0.5025176233635448,1986,K1000_seed19,0.5,t13d1516h2_synth_0013
0.75,1.0,True,endpoint+tlsJa4,0.5025176233635448,1986,K1000_seed19,0.75,t13d1516h2_synth_0013
0.9,1.0,True,endpoint+tlsJa4,0.5025176233635448,1986,K1000_seed19,0.9,t13d1516h2_synth_0013
0.0,1.0,True,endpoint+tlsJa4,0.5012581781580272,1987,K1000_seed2,0.0,t13d1516h2_synth_0002
0.001,1.0,True,endpoint+tlsJa4,0.5012581781580272,1987,K1000_seed2,0.001,t13d1516h2_synth_0002
0.005,1.0,True,endpoint+tlsJa4,0.5012581781580272,1987,K1000_seed2,0.005,t13d1516h2_synth_0002
0.01,1.0,True,endpoint+tlsJa4,0.5012581781580272,1987,K1000_seed2,0.01,t13d1516h2_synth_0002
0.05,1.0,True,endpoint+tlsJa4,0.5012581781580272,1987,K1000_seed2,0.05,t13d1516h2_synth_0002
0.1,1.0,True,endpoint+tlsJa4,0.5012581781580272,1987,K1000_seed2,0.1,t13d1516h2_synth_0002
0.25,1.0,True,endpoint+tlsJa4,0.5012581781580272,1987,K1000_seed2,0.25,t13d1516h2_synth_0002
0.5,1.0,True,endpoint+tlsJa4,0.5012581781580272,1987,K1000_seed2,0.5,t13d1516h2_synth_0002
0.75,1.0,True,endpoint+tlsJa4,0.5012581781580272,1987,K1000_seed2,0.75,t13d1516h2_synth_0002
0.9,1.0,True,endpoint+tlsJa4,0.5012581781580272,1987,K1000_seed2,0.9,t13d1516h2_synth_0002
0.0,1.0,True,endpoint+tlsJa4,0.5025201612903226,1984,K1000_seed20,0.0,t13d1516h2_synth_0014
0.001,1.0,True,endpoint+tlsJa4,0.5025201612903226,1984,K1000_seed20,0.001,t13d1516h2_synth_0014
0.005,1.0,True,endpoint+tlsJa4,0.5025201612903226,1984,K1000_seed20,0.005,t13d1516h2_synth_0014
0.01,1.0,True,endpoint+tlsJa4,0.5025201612903226,1984,K1000_seed20,0.01,t13d1516h2_synth_0014
0.05,1.0,True,endpoint+tlsJa4,0.5025201612903226,1984,K1000_seed20,0.05,t13d1516h2_synth_0014
0.1,1.0,True,endpoint+tlsJa4,0.5025201612903226,1984,K1000_seed20,0.1,t13d1516h2_synth_0014
0.25,1.0,True,endpoint+tlsJa4,0.5025201612903226,1984,K1000_seed20,0.25,t13d1516h2_synth_0014
0.5,1.0,True,endpoint+tlsJa4,0.5025201612903226,1984,K1000_seed20,0.5,t13d1516h2_synth_0014
0.75,1.0,True,endpoint+tlsJa4,0.5025201612903226,1984,K1000_seed20,0.75,t13d1516h2_synth_0014
0.9,1.0,True,endpoint+tlsJa4,0.5025201612903226,1984,K1000_seed20,0.9,t13d1516h2_synth_0014
0.0,1.0,True,endpoint+tlsJa4,0.500501002004008,1996,K1000_seed21,0.0,t13d1516h2_synth_0015
0.001,1.0,True,endpoint+tlsJa4,0.500501002004008,1996,K1000_seed21,0.001,t13d1516h2_synth_0015
0.005,1.0,True,endpoint+tlsJa4,0.500501002004008,1996,K1000_seed21,0.005,t13d1516h2_synth_0015
0.01,1.0,True,endpoint+tlsJa4,0.500501002004008,1996,K1000_seed21,0.01,t13d1516h2_synth_0015
0.05,1.0,True,endpoint+tlsJa4,0.500501002004008,1996,K1000_seed21,0.05,t13d1516h2_synth_0015
0.1,1.0,True,endpoint+tlsJa4,0.500501002004008,1996,K1000_seed21,0.1,t13d1516h2_synth_0015
0.25,1.0,True,endpoint+tlsJa4,0.500501002004008,1996,K1000_seed21,0.25,t13d1516h2_synth_0015
0.5,1.0,True,endpoint+tlsJa4,0.500501002004008,1996,K1000_seed21,0.5,t13d1516h2_synth_0015
0.75,1.0,True,endpoint+tlsJa4,0.500501002004008,1996,K1000_seed21,0.75,t13d1516h2_synth_0015
0.9,1.0,True,endpoint+tlsJa4,0.500501002004008,1996,K1000_seed21,0.9,t13d1516h2_synth_0015
0.0,1.0,True,endpoint+tlsJa4,0.501761449421238,1987,K1000_seed22,0.0,t13d1516h2_synth_0016
0.001,1.0,True,endpoint+tlsJa4,0.501761449421238,1987,K1000_seed22,0.001,t13d1516h2_synth_0016
0.005,1.0,True,endpoint+tlsJa4,0.501761449421238,1987,K1000_seed22,0.005,t13d1516h2_synth_0016
0.01,1.0,True,endpoint+tlsJa4,0.501761449421238,1987,K1000_seed22,0.01,t13d1516h2_synth_0016
0.05,1.0,True,endpoint+tlsJa4,0.501761449421238,1987,K1000_seed22,0.05,t13d1516h2_synth_0016
0.1,1.0,True,endpoint+tlsJa4,0.501761449421238,1987,K1000_seed22,0.1,t13d1516h2_synth_0016
0.25,1.0,True,endpoint+tlsJa4,0.501761449421238,1987,K1000_seed22,0.25,t13d1516h2_synth_0016
0.5,1.0,True,endpoint+tlsJa4,0.501761449421238,1987,K1000_seed22,0.5,t13d1516h2_synth_0016
0.75,1.0,True,endpoint+tlsJa4,0.501761449421238,1987,K1000_seed22,0.75,t13d1516h2_synth_0016
0.9,1.0,True,endpoint+tlsJa4,0.501761449421238,1987,K1000_seed22,0.9,t13d1516h2_synth_0016
0.0,1.0,True,endpoint+tlsJa4,0.5015060240963856,1992,K1000_seed23,0.0,t13d1516h2_synth_0017
0.001,1.0,True,endpoint+tlsJa4,0.5015060240963856,1992,K1000_seed23,0.001,t13d1516h2_synth_0017
0.005,1.0,True,endpoint+tlsJa4,0.5015060240963856,1992,K1000_seed23,0.005,t13d1516h2_synth_0017
0.01,1.0,True,endpoint+tlsJa4,0.5015060240963856,1992,K1000_seed23,0.01,t13d1516h2_synth_0017
0.05,1.0,True,endpoint+tlsJa4,0.5015060240963856,1992,K1000_seed23,0.05,t13d1516h2_synth_0017
0.1,1.0,True,endpoint+tlsJa4,0.5015060240963856,1992,K1000_seed23,0.1,t13d1516h2_synth_0017
0.25,1.0,True,endpoint+tlsJa4,0.5015060240963856,1992,K1000_seed23,0.25,t13d1516h2_synth_0017
0.5,1.0,True,endpoint+tlsJa4,0.5015060240963856,1992,K1000_seed23,0.5,t13d1516h2_synth_0017
0.75,1.0,True,endpoint+tlsJa4,0.5015060240963856,1992,K1000_seed23,0.75,t13d1516h2_synth_0017
0.9,1.0,True,endpoint+tlsJa4,0.5015060240963856,1992,K1000_seed23,0.9,t13d1516h2_synth_0017
0.0,1.0,True,endpoint+tlsJa4,0.502773575390822,1983,K1000_seed24,0.0,t13d1516h2_synth_0018
0.001,1.0,True,endpoint+tlsJa4,0.502773575390822,1983,K1000_seed24,0.001,t13d1516h2_synth_0018
0.005,1.0,True,endpoint+tlsJa4,0.502773575390822,1983,K1000_seed24,0.005,t13d1516h2_synth_0018
0.01,1.0,True,endpoint+tlsJa4,0.502773575390822,1983,K1000_seed24,0.01,t13d1516h2_synth_0018
0.05,1.0,True,endpoint+tlsJa4,0.502773575390822,1983,K1000_seed24,0.05,t13d1516h2_synth_0018
0.1,1.0,True,endpoint+tlsJa4,0.502773575390822,1983,K1000_seed24,0.1,t13d1516h2_synth_0018
0.25,1.0,True,endpoint+tlsJa4,0.502773575390822,1983,K1000_seed24,0.25,t13d1516h2_synth_0018
0.5,1.0,True,endpoint+tlsJa4,0.502773575390822,1983,K1000_seed24,0.5,t13d1516h2_synth_0018
0.75,1.0,True,endpoint+tlsJa4,0.502773575390822,1983,K1000_seed24,0.75,t13d1516h2_synth_0018
0.9,1.0,True,endpoint+tlsJa4,0.502773575390822,1983,K1000_seed24,0.9,t13d1516h2_synth_0018
0.0,1.0,True,endpoint+tlsJa4,0.5002511300853842,1991,K1000_seed25,0.0,t13d1516h2_synth_0019
0.001,1.0,True,endpoint+tlsJa4,0.5002511300853842,1991,K1000_seed25,0.001,t13d1516h2_synth_0019
0.005,1.0,True,endpoint+tlsJa4,0.5002511300853842,1991,K1000_seed25,0.005,t13d1516h2_synth_0019
0.01,1.0,True,endpoint+tlsJa4,0.5002511300853842,1991,K1000_seed25,0.01,t13d1516h2_synth_0019
0.05,1.0,True,endpoint+tlsJa4,0.5002511300853842,1991,K1000_seed25,0.05,t13d1516h2_synth_0019
0.1,1.0,True,endpoint+tlsJa4,0.5002511300853842,1991,K1000_seed25,0.1,t13d1516h2_synth_0019
0.25,1.0,True,endpoint+tlsJa4,0.5002511300853842,1991,K1000_seed25,0.25,t13d1516h2_synth_0019
0.5,1.0,True,endpoint+tlsJa4,0.5002511300853842,1991,K1000_seed25,0.5,t13d1516h2_synth_0019
0.75,1.0,True,endpoint+tlsJa4,0.5002511300853842,1991,K1000_seed25,0.75,t13d1516h2_synth_0019
0.9,1.0,True,endpoint+tlsJa4,0.5002511300853842,1991,K1000_seed25,0.9,t13d1516h2_synth_0019
0.0,1.0,True,endpoint+tlsJa4,0.5012543903662819,1993,K1000_seed26,0.0,t13d1516h2_synth_001a
0.001,1.0,True,endpoint+tlsJa4,0.5012543903662819,1993,K1000_seed26,0.001,t13d1516h2_synth_001a
0.005,1.0,True,endpoint+tlsJa4,0.5012543903662819,1993,K1000_seed26,0.005,t13d1516h2_synth_001a
0.01,1.0,True,endpoint+tlsJa4,0.5012543903662819,1993,K1000_seed26,0.01,t13d1516h2_synth_001a
0.05,1.0,True,endpoint+tlsJa4,0.5012543903662819,1993,K1000_seed26,0.05,t13d1516h2_synth_001a
0.1,1.0,True,endpoint+tlsJa4,0.5012543903662819,1993,K1000_seed26,0.1,t13d1516h2_synth_001a
0.25,1.0,True,endpoint+tlsJa4,0.5012543903662819,1993,K1000_seed26,0.25,t13d1516h2_synth_001a
0.5,1.0,True,endpoint+tlsJa4,0.5012543903662819,1993,K1000_seed26,0.5,t13d1516h2_synth_001a
0.75,1.0,True,endpoint+tlsJa4,0.5012543903662819,1993,K1000_seed26,0.75,t13d1516h2_synth_001a
0.9,1.0,True,endpoint+tlsJa4,0.5012543903662819,1993,K1000_seed26,0.9,t13d1516h2_synth_001a
0.0,1.0,True,endpoint+tlsJa4,0.5025150905432596,1988,K1000_seed27,0.0,t13d1516h2_synth_001b
0.001,1.0,True,endpoint+tlsJa4,0.5025150905432596,1988,K1000_seed27,0.001,t13d1516h2_synth_001b
0.005,1.0,True,endpoint+tlsJa4,0.5025150905432596,1988,K1000_seed27,0.005,t13d1516h2_synth_001b
0.01,1.0,True,endpoint+tlsJa4,0.5025150905432596,1988,K1000_seed27,0.01,t13d1516h2_synth_001b
0.05,1.0,True,endpoint+tlsJa4,0.5025150905432596,1988,K1000_seed27,0.05,t13d1516h2_synth_001b
0.1,1.0,True,endpoint+tlsJa4,0.5025150905432596,1988,K1000_seed27,0.1,t13d1516h2_synth_001b
0.25,1.0,True,endpoint+tlsJa4,0.5025150905432596,1988,K1000_seed27,0.25,t13d1516h2_synth_001b
0.5,1.0,True,endpoint+tlsJa4,0.5025150905432596,1988,K1000_seed27,0.5,t13d1516h2_synth_001b
0.75,1.0,True,endpoint+tlsJa4,0.5025150905432596,1988,K1000_seed27,0.75,t13d1516h2_synth_001b
0.9,1.0,True,endpoint+tlsJa4,0.5025150905432596,1988,K1000_seed27,0.9,t13d1516h2_synth_001b
0.0,1.0,True,endpoint+tlsJa4,0.5017596782302665,1989,K1000_seed28,0.0,t13d1516h2_synth_001c
0.001,1.0,True,endpoint+tlsJa4,0.5017596782302665,1989,K1000_seed28,0.001,t13d1516h2_synth_001c
0.005,1.0,True,endpoint+tlsJa4,0.5017596782302665,1989,K1000_seed28,0.005,t13d1516h2_synth_001c
0.01,1.0,True,endpoint+tlsJa4,0.5017596782302665,1989,K1000_seed28,0.01,t13d1516h2_synth_001c
0.05,1.0,True,endpoint+tlsJa4,0.5017596782302665,1989,K1000_seed28,0.05,t13d1516h2_synth_001c
0.1,1.0,True,endpoint+tlsJa4,0.5017596782302665,1989,K1000_seed28,0.1,t13d1516h2_synth_001c
0.25,1.0,True,endpoint+tlsJa4,0.5017596782302665,1989,K1000_seed28,0.25,t13d1516h2_synth_001c
0.5,1.0,True,endpoint+tlsJa4,0.5017596782302665,1989,K1000_seed28,0.5,t13d1516h2_synth_001c
0.75,1.0,True,endpoint+tlsJa4,0.5017596782302665,1989,K1000_seed28,0.75,t13d1516h2_synth_001c
0.9,1.0,True,endpoint+tlsJa4,0.5017596782302665,1989,K1000_seed28,0.9,t13d1516h2_synth_001c
0.0,1.0,True,endpoint+tlsJa4,0.5020100502512563,1990,K1000_seed29,0.0,t13d1516h2_synth_001d
0.001,1.0,True,endpoint+tlsJa4,0.5020100502512563,1990,K1000_seed29,0.001,t13d1516h2_synth_001d
0.005,1.0,True,endpoint+tlsJa4,0.5020100502512563,1990,K1000_seed29,0.005,t13d1516h2_synth_001d
0.01,1.0,True,endpoint+tlsJa4,0.5020100502512563,1990,K1000_seed29,0.01,t13d1516h2_synth_001d
0.05,1.0,True,endpoint+tlsJa4,0.5020100502512563,1990,K1000_seed29,0.05,t13d1516h2_synth_001d
0.1,1.0,True,endpoint+tlsJa4,0.5020100502512563,1990,K1000_seed29,0.1,t13d1516h2_synth_001d
0.25,1.0,True,endpoint+tlsJa4,0.5020100502512563,1990,K1000_seed29,0.25,t13d1516h2_synth_001d
0.5,1.0,True,endpoint+tlsJa4,0.5020100502512563,1990,K1000_seed29,0.5,t13d1516h2_synth_001d
0.75,1.0,True,endpoint+tlsJa4,0.5020100502512563,1990,K1000_seed29,0.75,t13d1516h2_synth_001d
0.9,1.0,True,endpoint+tlsJa4,0.5020100502512563,1990,K1000_seed29,0.9,t13d1516h2_synth_001d
0.0,1.0,True,endpoint+tlsJa4,0.5002506265664161,1995,K1000_seed3,0.0,t13d1516h2_synth_0003
0.001,1.0,True,endpoint+tlsJa4,0.5002506265664161,1995,K1000_seed3,0.001,t13d1516h2_synth_0003
0.005,1.0,True,endpoint+tlsJa4,0.5002506265664161,1995,K1000_seed3,0.005,t13d1516h2_synth_0003
0.01,1.0,True,endpoint+tlsJa4,0.5002506265664161,1995,K1000_seed3,0.01,t13d1516h2_synth_0003
0.05,1.0,True,endpoint+tlsJa4,0.5002506265664161,1995,K1000_seed3,0.05,t13d1516h2_synth_0003
0.1,1.0,True,endpoint+tlsJa4,0.5002506265664161,1995,K1000_seed3,0.1,t13d1516h2_synth_0003
0.25,1.0,True,endpoint+tlsJa4,0.5002506265664161,1995,K1000_seed3,0.25,t13d1516h2_synth_0003
0.5,1.0,True,endpoint+tlsJa4,0.5002506265664161,1995,K1000_seed3,0.5,t13d1516h2_synth_0003
0.75,1.0,True,endpoint+tlsJa4,0.5002506265664161,1995,K1000_seed3,0.75,t13d1516h2_synth_0003
0.9,1.0,True,endpoint+tlsJa4,0.5002506265664161,1995,K1000_seed3,0.9,t13d1516h2_synth_0003
0.0,1.0,True,endpoint+tlsJa4,0.5012531328320802,1995,K1000_seed30,0.0,t13d1516h2_synth_001e
0.001,1.0,True,endpoint+tlsJa4,0.5012531328320802,1995,K1000_seed30,0.001,t13d1516h2_synth_001e
0.005,1.0,True,endpoint+tlsJa4,0.5012531328320802,1995,K1000_seed30,0.005,t13d1516h2_synth_001e
0.01,1.0,True,endpoint+tlsJa4,0.5012531328320802,1995,K1000_seed30,0.01,t13d1516h2_synth_001e
0.05,1.0,True,endpoint+tlsJa4,0.5012531328320802,1995,K1000_seed30,0.05,t13d1516h2_synth_001e
0.1,1.0,True,endpoint+tlsJa4,0.5012531328320802,1995,K1000_seed30,0.1,t13d1516h2_synth_001e
0.25,1.0,True,endpoint+tlsJa4,0.5012531328320802,1995,K1000_seed30,0.25,t13d1516h2_synth_001e
0.5,1.0,True,endpoint+tlsJa4,0.5012531328320802,1995,K1000_seed30,0.5,t13d1516h2_synth_001e
0.75,1.0,True,endpoint+tlsJa4,0.5012531328320802,1995,K1000_seed30,0.75,t13d1516h2_synth_001e
0.9,1.0,True,endpoint+tlsJa4,0.5012531328320802,1995,K1000_seed30,0.9,t13d1516h2_synth_001e
0.0,1.0,True,endpoint+tlsJa4,0.500501002004008,1996,K1000_seed4,0.0,t13d1516h2_synth_0004
0.001,1.0,True,endpoint+tlsJa4,0.500501002004008,1996,K1000_seed4,0.001,t13d1516h2_synth_0004
0.005,1.0,True,endpoint+tlsJa4,0.500501002004008,1996,K1000_seed4,0.005,t13d1516h2_synth_0004
0.01,1.0,True,endpoint+tlsJa4,0.500501002004008,1996,K1000_seed4,0.01,t13d1516h2_synth_0004
0.05,1.0,True,endpoint+tlsJa4,0.500501002004008,1996,K1000_seed4,0.05,t13d1516h2_synth_0004
0.1,1.0,True,endpoint+tlsJa4,0.500501002004008,1996,K1000_seed4,0.1,t13d1516h2_synth_0004
0.25,1.0,True,endpoint+tlsJa4,0.500501002004008,1996,K1000_seed4,0.25,t13d1516h2_synth_0004
0.5,1.0,True,endpoint+tlsJa4,0.500501002004008,1996,K1000_seed4,0.5,t13d1516h2_synth_0004
0.75,1.0,True,endpoint+tlsJa4,0.500501002004008,1996,K1000_seed4,0.75,t13d1516h2_synth_0004
0.9,1.0,True,endpoint+tlsJa4,0.500501002004008,1996,K1000_seed4,0.9,t13d1516h2_synth_0004
0.0,1.0,True,endpoint+tlsJa4,0.5005015045135406,1994,K1000_seed5,0.0,t13d1516h2_synth_0005
0.001,1.0,True,endpoint+tlsJa4,0.5005015045135406,1994,K1000_seed5,0.001,t13d1516h2_synth_0005
0.005,1.0,True,endpoint+tlsJa4,0.5005015045135406,1994,K1000_seed5,0.005,t13d1516h2_synth_0005
0.01,1.0,True,endpoint+tlsJa4,0.5005015045135406,1994,K1000_seed5,0.01,t13d1516h2_synth_0005
0.05,1.0,True,endpoint+tlsJa4,0.5005015045135406,1994,K1000_seed5,0.05,t13d1516h2_synth_0005
0.1,1.0,True,endpoint+tlsJa4,0.5005015045135406,1994,K1000_seed5,0.1,t13d1516h2_synth_0005
0.25,1.0,True,endpoint+tlsJa4,0.5005015045135406,1994,K1000_seed5,0.25,t13d1516h2_synth_0005
0.5,1.0,True,endpoint+tlsJa4,0.5005015045135406,1994,K1000_seed5,0.5,t13d1516h2_synth_0005
0.75,1.0,True,endpoint+tlsJa4,0.5005015045135406,1994,K1000_seed5,0.75,t13d1516h2_synth_0005
0.9,1.0,True,endpoint+tlsJa4,0.5005015045135406,1994,K1000_seed5,0.9,t13d1516h2_synth_0005
0.0,1.0,True,endpoint+tlsJa4,0.501761449421238,1987,K1000_seed6,0.0,t13d1516h2_synth_0006
0.001,1.0,True,endpoint+tlsJa4,0.501761449421238,1987,K1000_seed6,0.001,t13d1516h2_synth_0006
0.005,1.0,True,endpoint+tlsJa4,0.501761449421238,1987,K1000_seed6,0.005,t13d1516h2_synth_0006
0.01,1.0,True,endpoint+tlsJa4,0.501761449421238,1987,K1000_seed6,0.01,t13d1516h2_synth_0006
0.05,1.0,True,endpoint+tlsJa4,0.501761449421238,1987,K1000_seed6,0.05,t13d1516h2_synth_0006
0.1,1.0,True,endpoint+tlsJa4,0.501761449421238,1987,K1000_seed6,0.1,t13d1516h2_synth_0006
0.25,1.0,True,endpoint+tlsJa4,0.501761449421238,1987,K1000_seed6,0.25,t13d1516h2_synth_0006
0.5,1.0,True,endpoint+tlsJa4,0.501761449421238,1987,K1000_seed6,0.5,t13d1516h2_synth_0006
0.75,1.0,True,endpoint+tlsJa4,0.501761449421238,1987,K1000_seed6,0.75,t13d1516h2_synth_0006
0.9,1.0,True,endpoint+tlsJa4,0.501761449421238,1987,K1000_seed6,0.9,t13d1516h2_synth_0006
0.0,1.0,True,endpoint+tlsJa4,0.5007533902561527,1991,K1000_seed7,0.0,t13d1516h2_synth_0007
0.001,1.0,True,endpoint+tlsJa4,0.5007533902561527,1991,K1000_seed7,0.001,t13d1516h2_synth_0007
0.005,1.0,True,endpoint+tlsJa4,0.5007533902561527,1991,K1000_seed7,0.005,t13d1516h2_synth_0007
0.01,1.0,True,endpoint+tlsJa4,0.5007533902561527,1991,K1000_seed7,0.01,t13d1516h2_synth_0007
0.05,1.0,True,endpoint+tlsJa4,0.5007533902561527,1991,K1000_seed7,0.05,t13d1516h2_synth_0007
0.1,1.0,True,endpoint+tlsJa4,0.5007533902561527,1991,K1000_seed7,0.1,t13d1516h2_synth_0007
0.25,1.0,True,endpoint+tlsJa4,0.5007533902561527,1991,K1000_seed7,0.25,t13d1516h2_synth_0007
0.5,1.0,True,endpoint+tlsJa4,0.5007533902561527,1991,K1000_seed7,0.5,t13d1516h2_synth_0007
0.75,1.0,True,endpoint+tlsJa4,0.5007533902561527,1991,K1000_seed7,0.75,t13d1516h2_synth_0007
0.9,1.0,True,endpoint+tlsJa4,0.5007533902561527,1991,K1000_seed7,0.9,t13d1516h2_synth_0007
0.0,1.0,True,endpoint+tlsJa4,0.5012556504269211,1991,K1000_seed8,0.0,t13d1516h2_synth_0008
0.001,1.0,True,endpoint+tlsJa4,0.5012556504269211,1991,K1000_seed8,0.001,t13d1516h2_synth_0008
0.005,1.0,True,endpoint+tlsJa4,0.5012556504269211,1991,K1000_seed8,0.005,t13d1516h2_synth_0008
0.01,1.0,True,endpoint+tlsJa4,0.5012556504269211,1991,K1000_seed8,0.01,t13d1516h2_synth_0008
0.05,1.0,True,endpoint+tlsJa4,0.5012556504269211,1991,K1000_seed8,0.05,t13d1516h2_synth_0008
0.1,1.0,True,endpoint+tlsJa4,0.5012556504269211,1991,K1000_seed8,0.1,t13d1516h2_synth_0008
0.25,1.0,True,endpoint+tlsJa4,0.5012556504269211,1991,K1000_seed8,0.25,t13d1516h2_synth_0008
0.5,1.0,True,endpoint+tlsJa4,0.5012556504269211,1991,K1000_seed8,0.5,t13d1516h2_synth_0008
0.75,1.0,True,endpoint+tlsJa4,0.5012556504269211,1991,K1000_seed8,0.75,t13d1516h2_synth_0008
0.9,1.0,True,endpoint+tlsJa4,0.5012556504269211,1991,K1000_seed8,0.9,t13d1516h2_synth_0008
0.0,1.0,True,endpoint+tlsJa4,0.5010030090270813,1994,K1000_seed9,0.0,t13d1516h2_synth_0009
0.001,1.0,True,endpoint+tlsJa4,0.5010030090270813,1994,K1000_seed9,0.001,t13d1516h2_synth_0009
0.005,1.0,True,endpoint+tlsJa4,0.5010030090270813,1994,K1000_seed9,0.005,t13d1516h2_synth_0009
0.01,1.0,True,endpoint+tlsJa4,0.5010030090270813,1994,K1000_seed9,0.01,t13d1516h2_synth_0009
0.05,1.0,True,endpoint+tlsJa4,0.5010030090270813,1994,K1000_seed9,0.05,t13d1516h2_synth_0009
0.1,1.0,True,endpoint+tlsJa4,0.5010030090270813,1994,K1000_seed9,0.1,t13d1516h2_synth_0009
0.25,1.0,True,endpoint+tlsJa4,0.5010030090270813,1994,K1000_seed9,0.25,t13d1516h2_synth_0009
0.5,1.0,True,endpoint+tlsJa4,0.5010030090270813,1994,K1000_seed9,0.5,t13d1516h2_synth_0009
0.75,1.0,True,endpoint+tlsJa4,0.5010030090270813,1994,K1000_seed9,0.75,t13d1516h2_synth_0009
0.9,1.0,True,endpoint+tlsJa4,0.5010030090270813,1994,K1000_seed9,0.9,t13d1516h2_synth_0009
