protocol,config,m_train,m_test,fold,train_seeds,test_seed,auc_heldout,auc_all,n_train,n_heldout,n_all
in_distribution,a,5,5,,1,1,0.4789166666666667,,1400,600,2000
in_distribution,d,5,5,,1,1,0.9932944444444444,,1400,600,2000
in_distribution,a,5,5,,2,2,0.5176888888888888,,1400,600,2000
in_distribution,d,5,5,,2,2,0.9967444444444444,,1400,600,2000
in_distribution,a,5,5,,3,3,0.47105555555555556,,1400,600,2000
in_distribution,d,5,5,,3,3,0.9956277777777778,,1400,600,2000
in_distribution,a,5,5,,4,4,0.5265833333333334,,1400,600,2000
in_distribution,d,5,5,,4,4,0.9969666666666667,,1400,600,2000
in_distribution,a,5,5,,5,5,0.5025666666666666,,1400,600,2000
in_distribution,d,5,5,,5,5,0.9960277777777778,,1400,600,2000
in_distribution,a,5,5,,6,6,0.5151444444444444,,1400,600,2000
in_distribution,d,5,5,,6,6,0.9944555555555555,,1400,600,2000
in_distribution,a,5,5,,7,7,0.5048277777777778,,1400,600,2000
in_distribution,d,5,5,,7,7,0.9982111111111112,,1400,600,2000
in_distribution,a,5,5,,8,8,0.5142666666666666,,1400,600,2000
in_distribution,d,5,5,,8,8,0.9955111111111111,,1400,600,2000
in_distribution,a,5,5,,9,9,0.49249999999999994,,1400,600,2000
in_distribution,d,5,5,,9,9,0.994388888888889,,1400,600,2000
in_distribution,a,5,5,,10,10,0.5080388888888889,,1400,600,2000
in_distribution,d,5,5,,10,10,0.9965666666666667,,1400,600,2000
in_distribution,a,5,5,,11,11,0.4795722222222222,,1400,600,2000
in_distribution,d,5,5,,11,11,0.9953166666666666,,1400,600,2000
in_distribution,a,5,5,,12,12,0.48282222222222226,,1400,600,2000
in_distribution,d,5,5,,12,12,0.9989444444444445,,1400,600,2000
in_distribution,a,5,5,,13,13,0.45949999999999996,,1400,600,2000
in_distribution,d,5,5,,13,13,0.9967722222222223,,1400,600,2000
in_distribution,a,5,5,,14,14,0.4978833333333333,,1400,600,2000
in_distribution,d,5,5,,14,14,0.9935722222222222,,1400,600,2000
in_distribution,a,5,5,,15,15,0.49069444444444443,,1400,600,2000
in_distribution,d,5,5,,15,15,0.9948222222222223,,1400,600,2000
in_distribution,a,25,25,,1,1,0.524188888888889,,1400,600,2000
in_distribution,d,25,25,,1,1,0.9850111111111111,,1400,600,2000
in_distribution,a,25,25,,2,2,0.4952388888888889,,1400,600,2000
in_distribution,d,25,25,,2,2,0.9828833333333333,,1400,600,2000
in_distribution,a,25,25,,3,3,0.5239444444444445,,1400,600,2000
in_distribution,d,25,25,,3,3,0.982138888888889,,1400,600,2000
in_distribution,a,25,25,,4,4,0.5058111111111111,,1400,600,2000
in_distribution,d,25,25,,4,4,0.97985,,1400,600,2000
in_distribution,a,25,25,,5,5,0.4923833333333333,,1400,600,2000
in_distribution,d,25,25,,5,5,0.9853333333333334,,1400,600,2000
in_distribution,a,25,25,,6,6,0.50345,,1400,600,2000
in_distribution,d,25,25,,6,6,0.95765,,1400,600,2000
in_distribution,a,25,25,,7,7,0.5250388888888889,,1400,600,2000
in_distribution,d,25,25,,7,7,0.9862777777777777,,1400,600,2000
in_distribution,a,25,25,,8,8,0.47130555555555553,,1400,600,2000
in_distribution,d,25,25,,8,8,0.9624055555555555,,1400,600,2000
in_distribution,a,25,25,,9,9,0.5212888888888889,,1400,600,2000
in_distribution,d,25,25,,9,9,0.9868611111111111,,1400,600,2000
in_distribution,a,25,25,,10,10,0.4959944444444444,,1400,600,2000
in_distribution,d,25,25,,10,10,0.9775055555555556,,1400,600,2000
in_distribution,a,25,25,,11,11,0.50775,,1400,600,2000
in_distribution,d,25,25,,11,11,0.98725,,1400,600,2000
in_distribution,a,25,25,,12,12,0.49679444444444454,,1400,600,2000
in_distribution,d,25,25,,12,12,0.9834611111111111,,1400,600,2000
in_distribution,a,25,25,,13,13,0.49802222222222226,,1400,600,2000
in_distribution,d,25,25,,13,13,0.9776611111111111,,1400,600,2000
in_distribution,a,25,25,,14,14,0.5103777777777778,,1400,600,2000
in_distribution,d,25,25,,14,14,0.9632000000000001,,1400,600,2000
in_distribution,a,25,25,,15,15,0.4689222222222223,,1400,600,2000
in_distribution,d,25,25,,15,15,0.9850277777777778,,1400,600,2000
in_distribution,a,100,100,,1,1,0.524188888888889,,1400,600,2000
in_distribution,d,100,100,,1,1,0.9456944444444444,,1400,600,2000
in_distribution,a,100,100,,2,2,0.4952388888888889,,1400,600,2000
in_distribution,d,100,100,,2,2,0.9627444444444444,,1400,600,2000
in_distribution,a,100,100,,3,3,0.5239444444444445,,1400,600,2000
in_distribution,d,100,100,,3,3,0.9755,,1400,600,2000
in_distribution,a,100,100,,4,4,0.5058111111111111,,1400,600,2000
in_distribution,d,100,100,,4,4,0.9645,,1400,600,2000
in_distribution,a,100,100,,5,5,0.4923833333333333,,1400,600,2000
in_distribution,d,100,100,,5,5,0.953388888888889,,1400,600,2000
in_distribution,a,100,100,,6,6,0.50345,,1400,600,2000
in_distribution,d,100,100,,6,6,0.9557833333333334,,1400,600,2000
in_distribution,a,100,100,,7,7,0.5250388888888889,,1400,600,2000
in_distribution,d,100,100,,7,7,0.9733055555555555,,1400,600,2000
in_distribution,a,100,100,,8,8,0.47130555555555553,,1400,600,2000
in_distribution,d,100,100,,8,8,0.9517055555555556,,1400,600,2000
in_distribution,a,100,100,,9,9,0.5212888888888889,,1400,600,2000
in_distribution,d,100,100,,9,9,0.9812333333333333,,1400,600,2000
in_distribution,a,100,100,,10,10,0.4959944444444444,,1400,600,2000
in_distribution,d,100,100,,10,10,0.9605888888888888,,1400,600,2000
in_distribution,a,100,100,,11,11,0.50775,,1400,600,2000
in_distribution,d,100,100,,11,11,0.9762611111111111,,1400,600,2000
in_distribution,a,100,100,,12,12,0.49679444444444454,,1400,600,2000
in_distribution,d,100,100,,12,12,0.9665722222222222,,1400,600,2000
in_distribution,a,100,100,,13,13,0.49802222222222226,,1400,600,2000
in_distribution,d,100,100,,13,13,0.943238888888889,,1400,600,2000
in_distribution,a,100,100,,14,14,0.5103777777777778,,1400,600,2000
in_distribution,d,100,100,,14,14,0.9475166666666667,,1400,600,2000
in_distribution,a,100,100,,15,15,0.4689222222222223,,1400,600,2000
in_distribution,d,100,100,,15,15,0.9504166666666667,,1400,600,2000
in_distribution,a,25,25,,16,16,0.4931277777777777,,1400,600,2000
in_distribution,d,25,25,,16,16,0.9766888888888889,,1400,600,2000
in_distribution,a,25,25,,17,17,0.48897222222222225,,1400,600,2000
in_distribution,d,25,25,,17,17,0.9915722222222223,,1400,600,2000
in_distribution,a,25,25,,18,18,0.5154,,1400,600,2000
in_distribution,d,25,25,,18,18,0.9856055555555556,,1400,600,2000
in_distribution,a,25,25,,19,19,0.502361111111111,,1400,600,2000
in_distribution,d,25,25,,19,19,0.9857388888888889,,1400,600,2000
in_distribution,a,25,25,,20,20,0.4731166666666667,,1400,600,2000
in_distribution,d,25,25,,20,20,0.9925166666666667,,1400,600,2000
in_distribution,a,25,25,,21,21,0.49258888888888885,,1400,600,2000
in_distribution,d,25,25,,21,21,0.9920111111111111,,1400,600,2000
in_distribution,a,25,25,,22,22,0.5186555555555555,,1400,600,2000
in_distribution,d,25,25,,22,22,0.9799388888888889,,1400,600,2000
in_distribution,a,25,25,,23,23,0.46424444444444435,,1400,600,2000
in_distribution,d,25,25,,23,23,0.9675722222222223,,1400,600,2000
in_distribution,a,25,25,,24,24,0.4900388888888889,,1400,600,2000
in_distribution,d,25,25,,24,24,0.9837666666666667,,1400,600,2000
in_distribution,a,25,25,,25,25,0.4994388888888889,,1400,600,2000
in_distribution,d,25,25,,25,25,0.9878388888888888,,1400,600,2000
in_distribution,a,25,25,,26,26,0.49445000000000006,,1400,600,2000
in_distribution,d,25,25,,26,26,0.98675,,1400,600,2000
in_distribution,a,25,25,,27,27,0.5352388888888889,,1400,600,2000
in_distribution,d,25,25,,27,27,0.9892277777777778,,1400,600,2000
in_distribution,a,25,25,,28,28,0.5724055555555555,,1400,600,2000
in_distribution,d,25,25,,28,28,0.9881888888888889,,1400,600,2000
in_distribution,a,25,25,,29,29,0.50175,,1400,600,2000
in_distribution,d,25,25,,29,29,0.9930166666666667,,1400,600,2000
in_distribution,a,25,25,,30,30,0.49991666666666673,,1400,600,2000
in_distribution,d,25,25,,30,30,0.9759277777777777,,1400,600,2000
cross_seed_same_m,a,5,5,0,1-7,8,0.5001888888888889,0.5105305,9800,600,2000
cross_seed_same_m,a,5,5,0,1-7,9,0.4752388888888889,0.5108145000000001,9800,600,2000
cross_seed_same_m,a,5,5,0,1-7,10,0.4500444444444444,0.48730699999999993,9800,600,2000
cross_seed_same_m,a,5,5,0,1-7,11,0.4577,0.477978,9800,600,2000
cross_seed_same_m,a,5,5,0,1-7,12,0.5005833333333333,0.504715,9800,600,2000
cross_seed_same_m,a,5,5,0,1-7,13,0.5484833333333333,0.500676,9800,600,2000
cross_seed_same_m,a,5,5,0,1-7,14,0.5132,0.499877,9800,600,2000
cross_seed_same_m,a,5,5,0,1-7,15,0.5468444444444445,0.5161789999999999,9800,600,2000
cross_m,a,5,25,0,1-7,8,0.5315055555555557,0.5120435,9800,600,2000
cross_m,a,5,25,0,1-7,9,0.4511888888888889,0.4999085,9800,600,2000
cross_m,a,5,25,0,1-7,10,0.4847166666666667,0.48617900000000003,9800,600,2000
cross_m,a,5,25,0,1-7,11,0.45506111111111114,0.4751645,9800,600,2000
cross_m,a,5,25,0,1-7,12,0.5011777777777777,0.506651,9800,600,2000
cross_m,a,5,25,0,1-7,13,0.5437333333333333,0.5085605,9800,600,2000
cross_m,a,5,25,0,1-7,14,0.5041388888888889,0.49063650000000003,9800,600,2000
cross_m,a,5,25,0,1-7,15,0.5172833333333333,0.501465,9800,600,2000
same_seed_reference,a,5,25,0,1-7,1,0.6740111111111111,0.888829,9800,600,2000
same_seed_reference,a,5,25,0,1-7,2,0.6799888888888889,0.893529,9800,600,2000
same_seed_reference,a,5,25,0,1-7,3,0.6175333333333334,0.880682,9800,600,2000
same_seed_reference,a,5,25,0,1-7,4,0.6346055555555555,0.8821519999999999,9800,600,2000
same_seed_reference,a,5,25,0,1-7,5,0.6699722222222222,0.880794,9800,600,2000
same_seed_reference,a,5,25,0,1-7,6,0.6215388888888889,0.878411,9800,600,2000
same_seed_reference,a,5,25,0,1-7,7,0.6817111111111112,0.8987624999999999,9800,600,2000
cross_m,a,5,100,0,1-7,8,0.5315055555555557,0.5120435,9800,600,2000
cross_m,a,5,100,0,1-7,9,0.4511888888888889,0.4999085,9800,600,2000
cross_m,a,5,100,0,1-7,10,0.4847166666666667,0.48617900000000003,9800,600,2000
cross_m,a,5,100,0,1-7,11,0.45506111111111114,0.4751645,9800,600,2000
cross_m,a,5,100,0,1-7,12,0.5011777777777777,0.506651,9800,600,2000
cross_m,a,5,100,0,1-7,13,0.5437333333333333,0.5085605,9800,600,2000
cross_m,a,5,100,0,1-7,14,0.5041388888888889,0.49063650000000003,9800,600,2000
cross_m,a,5,100,0,1-7,15,0.5172833333333333,0.501465,9800,600,2000
same_seed_reference,a,5,100,0,1-7,1,0.6740111111111111,0.888829,9800,600,2000
same_seed_reference,a,5,100,0,1-7,2,0.6799888888888889,0.893529,9800,600,2000
same_seed_reference,a,5,100,0,1-7,3,0.6175333333333334,0.880682,9800,600,2000
same_seed_reference,a,5,100,0,1-7,4,0.6346055555555555,0.8821519999999999,9800,600,2000
same_seed_reference,a,5,100,0,1-7,5,0.6699722222222222,0.880794,9800,600,2000
same_seed_reference,a,5,100,0,1-7,6,0.6215388888888889,0.878411,9800,600,2000
same_seed_reference,a,5,100,0,1-7,7,0.6817111111111112,0.8987624999999999,9800,600,2000
cross_seed_same_m,a,5,5,1,8-15,1,0.5096277777777778,0.4983315,11200,600,2000
cross_seed_same_m,a,5,5,1,8-15,2,0.4739333333333334,0.48486949999999995,11200,600,2000
cross_seed_same_m,a,5,5,1,8-15,3,0.4804555555555555,0.4798185,11200,600,2000
cross_seed_same_m,a,5,5,1,8-15,4,0.4751722222222222,0.48288549999999997,11200,600,2000
cross_seed_same_m,a,5,5,1,8-15,5,0.5632777777777778,0.5220895,11200,600,2000
cross_seed_same_m,a,5,5,1,8-15,6,0.5085333333333333,0.5035445000000001,11200,600,2000
cross_seed_same_m,a,5,5,1,8-15,7,0.4791722222222222,0.5070235,11200,600,2000
cross_m,a,5,25,1,8-15,1,0.5197444444444445,0.5044715,11200,600,2000
cross_m,a,5,25,1,8-15,2,0.45653888888888894,0.48815600000000003,11200,600,2000
cross_m,a,5,25,1,8-15,3,0.5007444444444444,0.4796695000000001,11200,600,2000
cross_m,a,5,25,1,8-15,4,0.5034111111111113,0.4776975,11200,600,2000
cross_m,a,5,25,1,8-15,5,0.5320444444444444,0.5181555,11200,600,2000
cross_m,a,5,25,1,8-15,6,0.48635555555555554,0.49591300000000005,11200,600,2000
cross_m,a,5,25,1,8-15,7,0.48845000000000005,0.505224,11200,600,2000
same_seed_reference,a,5,25,1,8-15,8,0.6297555555555555,0.875926,11200,600,2000
same_seed_reference,a,5,25,1,8-15,9,0.6221944444444444,0.8740020000000001,11200,600,2000
same_seed_reference,a,5,25,1,8-15,10,0.6423444444444445,0.88134,11200,600,2000
same_seed_reference,a,5,25,1,8-15,11,0.6404277777777779,0.8824494999999999,11200,600,2000
same_seed_reference,a,5,25,1,8-15,12,0.6084499999999999,0.8719220000000001,11200,600,2000
same_seed_reference,a,5,25,1,8-15,13,0.5928777777777778,0.8681675,11200,600,2000
same_seed_reference,a,5,25,1,8-15,14,0.5951277777777778,0.8697295,11200,600,2000
same_seed_reference,a,5,25,1,8-15,15,0.6215666666666666,0.879125,11200,600,2000
cross_m,a,5,100,1,8-15,1,0.5197444444444445,0.5044715,11200,600,2000
cross_m,a,5,100,1,8-15,2,0.45653888888888894,0.48815600000000003,11200,600,2000
cross_m,a,5,100,1,8-15,3,0.5007444444444444,0.4796695000000001,11200,600,2000
cross_m,a,5,100,1,8-15,4,0.5034111111111113,0.4776975,11200,600,2000
cross_m,a,5,100,1,8-15,5,0.5320444444444444,0.5181555,11200,600,2000
cross_m,a,5,100,1,8-15,6,0.48635555555555554,0.49591300000000005,11200,600,2000
cross_m,a,5,100,1,8-15,7,0.48845000000000005,0.505224,11200,600,2000
same_seed_reference,a,5,100,1,8-15,8,0.6297555555555555,0.875926,11200,600,2000
same_seed_reference,a,5,100,1,8-15,9,0.6221944444444444,0.8740020000000001,11200,600,2000
same_seed_reference,a,5,100,1,8-15,10,0.6423444444444445,0.88134,11200,600,2000
same_seed_reference,a,5,100,1,8-15,11,0.6404277777777779,0.8824494999999999,11200,600,2000
same_seed_reference,a,5,100,1,8-15,12,0.6084499999999999,0.8719220000000001,11200,600,2000
same_seed_reference,a,5,100,1,8-15,13,0.5928777777777778,0.8681675,11200,600,2000
same_seed_reference,a,5,100,1,8-15,14,0.5951277777777778,0.8697295,11200,600,2000
same_seed_reference,a,5,100,1,8-15,15,0.6215666666666666,0.879125,11200,600,2000
cross_seed_same_m,d,5,5,0,1-7,8,0.9960555555555556,0.996084,9800,600,2000
cross_seed_same_m,d,5,5,0,1-7,9,0.99735,0.9973365,9800,600,2000
cross_seed_same_m,d,5,5,0,1-7,10,0.9967666666666666,0.9969199999999999,9800,600,2000
cross_seed_same_m,d,5,5,0,1-7,11,0.9968666666666666,0.9963955,9800,600,2000
cross_seed_same_m,d,5,5,0,1-7,12,0.9976944444444444,0.9971204999999999,9800,600,2000
cross_seed_same_m,d,5,5,0,1-7,13,0.9977944444444445,0.997673,9800,600,2000
cross_seed_same_m,d,5,5,0,1-7,14,0.9883555555555555,0.9870735,9800,600,2000
cross_seed_same_m,d,5,5,0,1-7,15,0.9973055555555556,0.9964575,9800,600,2000
cross_m,d,5,25,0,1-7,8,0.6251444444444444,0.6212925,9800,600,2000
cross_m,d,5,25,0,1-7,9,0.5875777777777778,0.59418,9800,600,2000
cross_m,d,5,25,0,1-7,10,0.6132,0.6103609999999999,9800,600,2000
cross_m,d,5,25,0,1-7,11,0.6601833333333333,0.6487864999999999,9800,600,2000
cross_m,d,5,25,0,1-7,12,0.66015,0.6471410000000001,9800,600,2000
cross_m,d,5,25,0,1-7,13,0.6423777777777777,0.639334,9800,600,2000
cross_m,d,5,25,0,1-7,14,0.56185,0.5266325,9800,600,2000
cross_m,d,5,25,0,1-7,15,0.642238888888889,0.633669,9800,600,2000
same_seed_reference,d,5,25,0,1-7,1,0.6402222222222222,0.7086394999999999,9800,600,2000
same_seed_reference,d,5,25,0,1-7,2,0.6677833333333333,0.662483,9800,600,2000
same_seed_reference,d,5,25,0,1-7,3,0.6175944444444444,0.7296925000000001,9800,600,2000
same_seed_reference,d,5,25,0,1-7,4,0.6086888888888888,0.636987,9800,600,2000
same_seed_reference,d,5,25,0,1-7,5,0.5994666666666666,0.665188,9800,600,2000
same_seed_reference,d,5,25,0,1-7,6,0.6407722222222222,0.7200525,9800,600,2000
same_seed_reference,d,5,25,0,1-7,7,0.52955,0.581259,9800,600,2000
cross_m,d,5,100,0,1-7,8,0.6435444444444445,0.6366875,9800,600,2000
cross_m,d,5,100,0,1-7,9,0.6044722222222222,0.610287,9800,600,2000
cross_m,d,5,100,0,1-7,10,0.6245722222222222,0.621827,9800,600,2000
cross_m,d,5,100,0,1-7,11,0.6736444444444445,0.660782,9800,600,2000
cross_m,d,5,100,0,1-7,12,0.6709833333333333,0.6598425000000001,9800,600,2000
cross_m,d,5,100,0,1-7,13,0.6539555555555555,0.652036,9800,600,2000
cross_m,d,5,100,0,1-7,14,0.5705611111111111,0.53771,9800,600,2000
cross_m,d,5,100,0,1-7,15,0.6493055555555555,0.6466289999999999,9800,600,2000
same_seed_reference,d,5,100,0,1-7,1,0.6583777777777777,0.723848,9800,600,2000
same_seed_reference,d,5,100,0,1-7,2,0.6787833333333333,0.672883,9800,600,2000
same_seed_reference,d,5,100,0,1-7,3,0.6308611111111111,0.7425140000000001,9800,600,2000
same_seed_reference,d,5,100,0,1-7,4,0.6225888888888889,0.650613,9800,600,2000
same_seed_reference,d,5,100,0,1-7,5,0.6113277777777778,0.6791,9800,600,2000
same_seed_reference,d,5,100,0,1-7,6,0.6520333333333334,0.732112,9800,600,2000
same_seed_reference,d,5,100,0,1-7,7,0.5427666666666666,0.591396,9800,600,2000
cross_seed_same_m,d,5,5,1,8-15,1,0.9961666666666666,0.9971975,11200,600,2000
cross_seed_same_m,d,5,5,1,8-15,2,0.9971555555555556,0.9968469999999999,11200,600,2000
cross_seed_same_m,d,5,5,1,8-15,3,0.9846944444444444,0.9799635,11200,600,2000
cross_seed_same_m,d,5,5,1,8-15,4,0.9969166666666667,0.9971904999999999,11200,600,2000
cross_seed_same_m,d,5,5,1,8-15,5,0.9974388888888889,0.9963190000000001,11200,600,2000
cross_seed_same_m,d,5,5,1,8-15,6,0.9973333333333333,0.9977325,11200,600,2000
cross_seed_same_m,d,5,5,1,8-15,7,0.9908722222222223,0.9890840000000001,11200,600,2000
cross_m,d,5,25,1,8-15,1,0.6205666666666666,0.6224704999999999,11200,600,2000
cross_m,d,5,25,1,8-15,2,0.6528944444444446,0.6272035,11200,600,2000
cross_m,d,5,25,1,8-15,3,0.6045611111111111,0.623758,11200,600,2000
cross_m,d,5,25,1,8-15,4,0.6402388888888888,0.6238085,11200,600,2000
cross_m,d,5,25,1,8-15,5,0.577288888888889,0.608828,11200,600,2000
cross_m,d,5,25,1,8-15,6,0.6132611111111111,0.631955,11200,600,2000
cross_m,d,5,25,1,8-15,7,0.5152611111111112,0.5145695,11200,600,2000
same_seed_reference,d,5,25,1,8-15,8,0.6268888888888888,0.6863180000000001,11200,600,2000
same_seed_reference,d,5,25,1,8-15,9,0.6149111111111111,0.6962825,11200,600,2000
same_seed_reference,d,5,25,1,8-15,10,0.627788888888889,0.654396,11200,600,2000
same_seed_reference,d,5,25,1,8-15,11,0.6762166666666667,0.6822005,11200,600,2000
same_seed_reference,d,5,25,1,8-15,12,0.6574388888888889,0.725993,11200,600,2000
same_seed_reference,d,5,25,1,8-15,13,0.6278277777777779,0.720528,11200,600,2000
same_seed_reference,d,5,25,1,8-15,14,0.5888611111111111,0.590584,11200,600,2000
same_seed_reference,d,5,25,1,8-15,15,0.6487222222222222,0.658791,11200,600,2000
cross_m,d,5,100,1,8-15,1,0.6313333333333333,0.6332030000000001,11200,600,2000
cross_m,d,5,100,1,8-15,2,0.6657722222222222,0.6401950000000001,11200,600,2000
cross_m,d,5,100,1,8-15,3,0.6185388888888889,0.635474,11200,600,2000
cross_m,d,5,100,1,8-15,4,0.6471555555555556,0.6337794999999999,11200,600,2000
cross_m,d,5,100,1,8-15,5,0.5857944444444445,0.61949,11200,600,2000
cross_m,d,5,100,1,8-15,6,0.6302,0.6452414999999999,11200,600,2000
cross_m,d,5,100,1,8-15,7,0.5235166666666666,0.5233205000000001,11200,600,2000
same_seed_reference,d,5,100,1,8-15,8,0.6386444444444445,0.6959415,11200,600,2000
same_seed_reference,d,5,100,1,8-15,9,0.6235333333333334,0.7044949999999999,11200,600,2000
same_seed_reference,d,5,100,1,8-15,10,0.6424833333333333,0.666709,11200,600,2000
same_seed_reference,d,5,100,1,8-15,11,0.6852222222222223,0.6918065,11200,600,2000
same_seed_reference,d,5,100,1,8-15,12,0.6701833333333334,0.7374465,11200,600,2000
same_seed_reference,d,5,100,1,8-15,13,0.6380055555555555,0.73157,11200,600,2000
same_seed_reference,d,5,100,1,8-15,14,0.5976333333333333,0.6007135,11200,600,2000
same_seed_reference,d,5,100,1,8-15,15,0.6616333333333334,0.671031,11200,600,2000
cross_seed_same_m,a,25,25,0,1-7,8,0.5111833333333333,0.4900005,9800,600,2000
cross_seed_same_m,a,25,25,0,1-7,9,0.46111111111111114,0.488307,9800,600,2000
cross_seed_same_m,a,25,25,0,1-7,10,0.4726944444444444,0.4833495,9800,600,2000
cross_seed_same_m,a,25,25,0,1-7,11,0.4185611111111111,0.47601150000000003,9800,600,2000
cross_seed_same_m,a,25,25,0,1-7,12,0.49175555555555556,0.5103139999999999,9800,600,2000
cross_seed_same_m,a,25,25,0,1-7,13,0.5426222222222222,0.506463,9800,600,2000
cross_seed_same_m,a,25,25,0,1-7,14,0.48345,0.4914495000000001,9800,600,2000
cross_seed_same_m,a,25,25,0,1-7,15,0.47112222222222216,0.5099295,9800,600,2000
cross_m,a,25,5,0,1-7,8,0.49800555555555565,0.49281749999999996,9800,600,2000
cross_m,a,25,5,0,1-7,9,0.5120388888888889,0.49609000000000003,9800,600,2000
cross_m,a,25,5,0,1-7,10,0.44935,0.48358599999999996,9800,600,2000
cross_m,a,25,5,0,1-7,11,0.44193888888888894,0.4837345000000001,9800,600,2000
cross_m,a,25,5,0,1-7,12,0.48787777777777785,0.5020775,9800,600,2000
cross_m,a,25,5,0,1-7,13,0.5546777777777778,0.5037015,9800,600,2000
cross_m,a,25,5,0,1-7,14,0.47964444444444443,0.4818610000000001,9800,600,2000
cross_m,a,25,5,0,1-7,15,0.5224277777777778,0.530924,9800,600,2000
same_seed_reference,a,25,5,0,1-7,1,0.6630611111111111,0.8860815,9800,600,2000
same_seed_reference,a,25,5,0,1-7,2,0.6524222222222222,0.8851990000000001,9800,600,2000
same_seed_reference,a,25,5,0,1-7,3,0.6563000000000001,0.886767,9800,600,2000
same_seed_reference,a,25,5,0,1-7,4,0.63455,0.876389,9800,600,2000
same_seed_reference,a,25,5,0,1-7,5,0.6497777777777778,0.8778570000000001,9800,600,2000
same_seed_reference,a,25,5,0,1-7,6,0.6564166666666666,0.879837,9800,600,2000
same_seed_reference,a,25,5,0,1-7,7,0.6557222222222222,0.888079,9800,600,2000
cross_m,a,25,100,0,1-7,8,0.5111833333333333,0.4900005,9800,600,2000
cross_m,a,25,100,0,1-7,9,0.46111111111111114,0.488307,9800,600,2000
cross_m,a,25,100,0,1-7,10,0.4726944444444444,0.4833495,9800,600,2000
cross_m,a,25,100,0,1-7,11,0.4185611111111111,0.47601150000000003,9800,600,2000
cross_m,a,25,100,0,1-7,12,0.49175555555555556,0.5103139999999999,9800,600,2000
cross_m,a,25,100,0,1-7,13,0.5426222222222222,0.506463,9800,600,2000
cross_m,a,25,100,0,1-7,14,0.48345,0.4914495000000001,9800,600,2000
cross_m,a,25,100,0,1-7,15,0.47112222222222216,0.5099295,9800,600,2000
same_seed_reference,a,25,100,0,1-7,1,0.5144444444444445,0.9456555,9800,600,2000
same_seed_reference,a,25,100,0,1-7,2,0.5106777777777778,0.946023,9800,600,2000
same_seed_reference,a,25,100,0,1-7,3,0.5159111111111111,0.9447065,9800,600,2000
same_seed_reference,a,25,100,0,1-7,4,0.49946666666666667,0.94361,9800,600,2000
same_seed_reference,a,25,100,0,1-7,5,0.5204777777777778,0.947277,9800,600,2000
same_seed_reference,a,25,100,0,1-7,6,0.46966111111111114,0.9392595000000001,9800,600,2000
same_seed_reference,a,25,100,0,1-7,7,0.54105,0.945371,9800,600,2000
cross_seed_same_m,a,25,25,1,8-15,1,0.4960444444444444,0.500386,11200,600,2000
cross_seed_same_m,a,25,25,1,8-15,2,0.47361111111111104,0.48342149999999995,11200,600,2000
cross_seed_same_m,a,25,25,1,8-15,3,0.48230555555555554,0.483629,11200,600,2000
cross_seed_same_m,a,25,25,1,8-15,4,0.5225944444444444,0.4837955,11200,600,2000
cross_seed_same_m,a,25,25,1,8-15,5,0.5159000000000001,0.505032,11200,600,2000
cross_seed_same_m,a,25,25,1,8-15,6,0.4998222222222223,0.513495,11200,600,2000
cross_seed_same_m,a,25,25,1,8-15,7,0.4961833333333333,0.500773,11200,600,2000
cross_m,a,25,5,1,8-15,1,0.49809999999999993,0.49449200000000004,11200,600,2000
cross_m,a,25,5,1,8-15,2,0.48369999999999996,0.473356,11200,600,2000
cross_m,a,25,5,1,8-15,3,0.4972444444444445,0.4857725,11200,600,2000
cross_m,a,25,5,1,8-15,4,0.48769444444444443,0.484009,11200,600,2000
cross_m,a,25,5,1,8-15,5,0.5414555555555555,0.504048,11200,600,2000
cross_m,a,25,5,1,8-15,6,0.5021722222222222,0.517083,11200,600,2000
cross_m,a,25,5,1,8-15,7,0.5072166666666666,0.51082,11200,600,2000
same_seed_reference,a,25,5,1,8-15,8,0.5926611111111111,0.863299,11200,600,2000
same_seed_reference,a,25,5,1,8-15,9,0.6633166666666668,0.884955,11200,600,2000
same_seed_reference,a,25,5,1,8-15,10,0.6387055555555556,0.8773795,11200,600,2000
same_seed_reference,a,25,5,1,8-15,11,0.6397111111111111,0.8816845,11200,600,2000
same_seed_reference,a,25,5,1,8-15,12,0.6321888888888889,0.879503,11200,600,2000
same_seed_reference,a,25,5,1,8-15,13,0.6157055555555555,0.87473,11200,600,2000
same_seed_reference,a,25,5,1,8-15,14,0.5944611111111111,0.8698125,11200,600,2000
same_seed_reference,a,25,5,1,8-15,15,0.6411444444444445,0.874231,11200,600,2000
cross_m,a,25,100,1,8-15,1,0.4960444444444444,0.500386,11200,600,2000
cross_m,a,25,100,1,8-15,2,0.47361111111111104,0.48342149999999995,11200,600,2000
cross_m,a,25,100,1,8-15,3,0.48230555555555554,0.483629,11200,600,2000
cross_m,a,25,100,1,8-15,4,0.5225944444444444,0.4837955,11200,600,2000
cross_m,a,25,100,1,8-15,5,0.5159000000000001,0.505032,11200,600,2000
cross_m,a,25,100,1,8-15,6,0.4998222222222223,0.513495,11200,600,2000
cross_m,a,25,100,1,8-15,7,0.4961833333333333,0.500773,11200,600,2000
same_seed_reference,a,25,100,1,8-15,8,0.46717222222222227,0.9400025000000001,11200,600,2000
same_seed_reference,a,25,100,1,8-15,9,0.5421888888888888,0.947203,11200,600,2000
same_seed_reference,a,25,100,1,8-15,10,0.5306055555555556,0.948231,11200,600,2000
same_seed_reference,a,25,100,1,8-15,11,0.4593722222222222,0.9402125000000001,11200,600,2000
same_seed_reference,a,25,100,1,8-15,12,0.5315166666666666,0.947476,11200,600,2000
same_seed_reference,a,25,100,1,8-15,13,0.47848333333333337,0.9412654999999999,11200,600,2000
same_seed_reference,a,25,100,1,8-15,14,0.4657722222222222,0.9398270000000001,11200,600,2000
same_seed_reference,a,25,100,1,8-15,15,0.4957833333333333,0.9445454999999999,11200,600,2000
cross_seed_same_m,d,25,25,0,1-7,8,0.9336388888888889,0.933793,9800,600,2000
cross_seed_same_m,d,25,25,0,1-7,9,0.9716833333333335,0.981035,9800,600,2000
cross_seed_same_m,d,25,25,0,1-7,10,0.9074055555555556,0.9162485,9800,600,2000
cross_seed_same_m,d,25,25,0,1-7,11,0.9724166666666667,0.9708064999999999,9800,600,2000
cross_seed_same_m,d,25,25,0,1-7,12,0.9434333333333333,0.9426749999999999,9800,600,2000
cross_seed_same_m,d,25,25,0,1-7,13,0.9293444444444444,0.9350025000000001,9800,600,2000
cross_seed_same_m,d,25,25,0,1-7,14,0.9299277777777778,0.9472229999999999,9800,600,2000
cross_seed_same_m,d,25,25,0,1-7,15,0.9702166666666666,0.974546,9800,600,2000
cross_m,d,25,5,0,1-7,8,0.44047222222222226,0.457696,9800,600,2000
cross_m,d,25,5,0,1-7,9,0.4842444444444444,0.4950065,9800,600,2000
cross_m,d,25,5,0,1-7,10,0.4953666666666667,0.45901600000000004,9800,600,2000
cross_m,d,25,5,0,1-7,11,0.48575,0.46848950000000006,9800,600,2000
cross_m,d,25,5,0,1-7,12,0.5071333333333333,0.47283250000000004,9800,600,2000
cross_m,d,25,5,0,1-7,13,0.5022277777777777,0.4730515,9800,600,2000
cross_m,d,25,5,0,1-7,14,0.4775555555555556,0.485449,9800,600,2000
cross_m,d,25,5,0,1-7,15,0.5093333333333334,0.5228845000000001,9800,600,2000
same_seed_reference,d,25,5,0,1-7,1,0.54435,0.584492,9800,600,2000
same_seed_reference,d,25,5,0,1-7,2,0.50515,0.550692,9800,600,2000
same_seed_reference,d,25,5,0,1-7,3,0.4926944444444445,0.5564055,9800,600,2000
same_seed_reference,d,25,5,0,1-7,4,0.5058611111111111,0.49692949999999997,9800,600,2000
same_seed_reference,d,25,5,0,1-7,5,0.48543333333333333,0.5373065,9800,600,2000
same_seed_reference,d,25,5,0,1-7,6,0.5405555555555556,0.581885,9800,600,2000
same_seed_reference,d,25,5,0,1-7,7,0.47250555555555557,0.5279834999999999,9800,600,2000
cross_m,d,25,100,0,1-7,8,0.733772222222222,0.7271115,9800,600,2000
cross_m,d,25,100,0,1-7,9,0.7516388888888889,0.774586,9800,600,2000
cross_m,d,25,100,0,1-7,10,0.7585277777777778,0.7346255,9800,600,2000
cross_m,d,25,100,0,1-7,11,0.7748166666666666,0.7514660000000001,9800,600,2000
cross_m,d,25,100,0,1-7,12,0.7750944444444444,0.7448325,9800,600,2000
cross_m,d,25,100,0,1-7,13,0.7516333333333333,0.7603445,9800,600,2000
cross_m,d,25,100,0,1-7,14,0.7275888888888888,0.7562625,9800,600,2000
cross_m,d,25,100,0,1-7,15,0.7867277777777777,0.7997435,9800,600,2000
same_seed_reference,d,25,100,0,1-7,1,0.7984722222222222,0.867054,9800,600,2000
same_seed_reference,d,25,100,0,1-7,2,0.770461111111111,0.8475925,9800,600,2000
same_seed_reference,d,25,100,0,1-7,3,0.7583111111111112,0.8447945,9800,600,2000
same_seed_reference,d,25,100,0,1-7,4,0.766688888888889,0.8261824999999999,9800,600,2000
same_seed_reference,d,25,100,0,1-7,5,0.7541222222222222,0.8412669999999999,9800,600,2000
same_seed_reference,d,25,100,0,1-7,6,0.7565555555555555,0.8437724999999999,9800,600,2000
same_seed_reference,d,25,100,0,1-7,7,0.7536499999999999,0.8200664999999999,9800,600,2000
cross_seed_same_m,d,25,25,1,8-15,1,0.9641611111111111,0.9666779999999999,11200,600,2000
cross_seed_same_m,d,25,25,1,8-15,2,0.9633,0.9707199999999999,11200,600,2000
cross_seed_same_m,d,25,25,1,8-15,3,0.9487666666666666,0.9466985,11200,600,2000
cross_seed_same_m,d,25,25,1,8-15,4,0.9237,0.921703,11200,600,2000
cross_seed_same_m,d,25,25,1,8-15,5,0.9719444444444444,0.9696885000000001,11200,600,2000
cross_seed_same_m,d,25,25,1,8-15,6,0.9394444444444444,0.9537715,11200,600,2000
cross_seed_same_m,d,25,25,1,8-15,7,0.9676166666666667,0.9612375000000001,11200,600,2000
cross_m,d,25,5,1,8-15,1,0.4959388888888888,0.45878349999999996,11200,600,2000
cross_m,d,25,5,1,8-15,2,0.4917888888888889,0.4954895,11200,600,2000
cross_m,d,25,5,1,8-15,3,0.4859888888888889,0.4749259999999999,11200,600,2000
cross_m,d,25,5,1,8-15,4,0.4833388888888889,0.44552449999999993,11200,600,2000
cross_m,d,25,5,1,8-15,5,0.4310111111111111,0.4460345,11200,600,2000
cross_m,d,25,5,1,8-15,6,0.4812222222222223,0.485436,11200,600,2000
cross_m,d,25,5,1,8-15,7,0.44947777777777775,0.43839649999999997,11200,600,2000
same_seed_reference,d,25,5,1,8-15,8,0.41586666666666666,0.488294,11200,600,2000
same_seed_reference,d,25,5,1,8-15,9,0.4869888888888889,0.512852,11200,600,2000
same_seed_reference,d,25,5,1,8-15,10,0.46802777777777776,0.46922100000000005,11200,600,2000
same_seed_reference,d,25,5,1,8-15,11,0.47525000000000006,0.4762354999999999,11200,600,2000
same_seed_reference,d,25,5,1,8-15,12,0.46947777777777777,0.5081995,11200,600,2000
same_seed_reference,d,25,5,1,8-15,13,0.48406666666666665,0.4954675,11200,600,2000
same_seed_reference,d,25,5,1,8-15,14,0.4878611111111111,0.5659544999999999,11200,600,2000
same_seed_reference,d,25,5,1,8-15,15,0.4690722222222222,0.5015805,11200,600,2000
cross_m,d,25,100,1,8-15,1,0.7520666666666667,0.744075,11200,600,2000
cross_m,d,25,100,1,8-15,2,0.7477444444444444,0.7588065,11200,600,2000
cross_m,d,25,100,1,8-15,3,0.7332777777777778,0.73815,11200,600,2000
cross_m,d,25,100,1,8-15,4,0.7503611111111111,0.714007,11200,600,2000
cross_m,d,25,100,1,8-15,5,0.7194833333333333,0.7234630000000001,11200,600,2000
cross_m,d,25,100,1,8-15,6,0.7345777777777778,0.740008,11200,600,2000
cross_m,d,25,100,1,8-15,7,0.7291722222222222,0.710181,11200,600,2000
same_seed_reference,d,25,100,1,8-15,8,0.7236222222222222,0.8025570000000001,11200,600,2000
same_seed_reference,d,25,100,1,8-15,9,0.7356888888888888,0.822741,11200,600,2000
same_seed_reference,d,25,100,1,8-15,10,0.7698111111111111,0.8270784999999999,11200,600,2000
same_seed_reference,d,25,100,1,8-15,11,0.7807777777777777,0.827662,11200,600,2000
same_seed_reference,d,25,100,1,8-15,12,0.7685555555555555,0.82012,11200,600,2000
same_seed_reference,d,25,100,1,8-15,13,0.7661055555555556,0.8413455,11200,600,2000
same_seed_reference,d,25,100,1,8-15,14,0.72915,0.8358345,11200,600,2000
same_seed_reference,d,25,100,1,8-15,15,0.7899833333333333,0.8714845,11200,600,2000
cross_seed_same_m,a,100,100,0,1-7,8,0.5111833333333333,0.4900005,9800,600,2000
cross_seed_same_m,a,100,100,0,1-7,9,0.46111111111111114,0.488307,9800,600,2000
cross_seed_same_m,a,100,100,0,1-7,10,0.4726944444444444,0.4833495,9800,600,2000
cross_seed_same_m,a,100,100,0,1-7,11,0.4185611111111111,0.47601150000000003,9800,600,2000
cross_seed_same_m,a,100,100,0,1-7,12,0.49175555555555556,0.5103139999999999,9800,600,2000
cross_seed_same_m,a,100,100,0,1-7,13,0.5426222222222222,0.506463,9800,600,2000
cross_seed_same_m,a,100,100,0,1-7,14,0.48345,0.4914495000000001,9800,600,2000
cross_seed_same_m,a,100,100,0,1-7,15,0.47112222222222216,0.5099295,9800,600,2000
cross_seed_same_m,a,100,100,1,8-15,1,0.4960444444444444,0.500386,11200,600,2000
cross_seed_same_m,a,100,100,1,8-15,2,0.47361111111111104,0.48342149999999995,11200,600,2000
cross_seed_same_m,a,100,100,1,8-15,3,0.48230555555555554,0.483629,11200,600,2000
cross_seed_same_m,a,100,100,1,8-15,4,0.5225944444444444,0.4837955,11200,600,2000
cross_seed_same_m,a,100,100,1,8-15,5,0.5159000000000001,0.505032,11200,600,2000
cross_seed_same_m,a,100,100,1,8-15,6,0.4998222222222223,0.513495,11200,600,2000
cross_seed_same_m,a,100,100,1,8-15,7,0.4961833333333333,0.500773,11200,600,2000
cross_seed_same_m,d,100,100,0,1-7,8,0.9579111111111112,0.9568045000000001,9800,600,2000
cross_seed_same_m,d,100,100,0,1-7,9,0.9701277777777778,0.9649675000000001,9800,600,2000
cross_seed_same_m,d,100,100,0,1-7,10,0.9580666666666666,0.9531055,9800,600,2000
cross_seed_same_m,d,100,100,0,1-7,11,0.9681722222222222,0.966261,9800,600,2000
cross_seed_same_m,d,100,100,0,1-7,12,0.9549055555555555,0.9520325,9800,600,2000
cross_seed_same_m,d,100,100,0,1-7,13,0.9413888888888888,0.9493665000000001,9800,600,2000
cross_seed_same_m,d,100,100,0,1-7,14,0.9391277777777778,0.9556745,9800,600,2000
cross_seed_same_m,d,100,100,0,1-7,15,0.9518833333333334,0.9615255,9800,600,2000
cross_seed_same_m,d,100,100,1,8-15,1,0.9499944444444445,0.948228,11200,600,2000
cross_seed_same_m,d,100,100,1,8-15,2,0.9482055555555555,0.9508585,11200,600,2000
cross_seed_same_m,d,100,100,1,8-15,3,0.9625277777777776,0.9621975,11200,600,2000
cross_seed_same_m,d,100,100,1,8-15,4,0.9658777777777777,0.9559294999999999,11200,600,2000
cross_seed_same_m,d,100,100,1,8-15,5,0.9495333333333333,0.949509,11200,600,2000
cross_seed_same_m,d,100,100,1,8-15,6,0.9569444444444445,0.958732,11200,600,2000
cross_seed_same_m,d,100,100,1,8-15,7,0.9681666666666666,0.967908,11200,600,2000
