n_sessions,repeat,coord_frac,ja4_pool,admission_p50_us,admission_p95_us,admission_mean_edges,admission_class_p50_us,omega_max_abs_diff,sym_skipped,sym_build_s,sym_materialise_s,sym_omega_s,sym_total_s,sym_edges,sym_triples,sym_rules_fired,class_build_s,class_omega_s,class_total_s,class_triples,class_rules_fired,sym_estimated_pairs
100,0,0.3,2000,2.2710300981998444,4.875008016824722,144.23,0.41583552956581116,4.440892098500626e-16,False,0.004565333016216755,1.4633420000318438,0.06447933404706419,1.5323866670951247,2582.0,2982.0,5.0,0.0053170418832451105,0.06358970794826746,0.06890674983151257,683,5,
100,1,0.3,2000,2.583954483270645,15.33282920718193,141.725,0.41583552956581116,4.440892098500626e-16,False,0.0044730419758707285,0.7915589169133455,0.040103791980072856,0.836135750869289,2703.0,3103.0,4.0,0.003776000114157796,0.051112083019688725,0.05488808313384652,682,4,
100,2,0.3,2000,2.208980731666088,4.37488779425621,158.355,0.3748573362827301,4.440892098500626e-16,False,0.0027618329040706158,0.6985277920030057,0.05149579094722867,0.752785415854305,2731.0,3131.0,2.0,0.005032917018979788,0.07771504204720259,0.08274795906618237,681,2,
250,0,0.3,2000,4.791887477040291,29.250048100948334,239.99,0.37509016692638397,0.0,False,0.08020791690796614,3.8615882920566946,0.1452571670524776,4.087053376017138,17221.0,18221.0,9.0,0.04409400001168251,0.09018691699020565,0.13428091700188816,1682,9,
250,1,0.3,2000,3.3335527405142784,6.041955202817917,227.535,0.39546284824609756,0.0,False,0.006500540999695659,3.52705708402209,0.13883650000207126,3.6723941250238568,15407.0,16407.0,9.0,0.008491915883496404,0.08031545905396342,0.08880737493745983,1683,9,
250,2,0.3,2000,3.7921126931905746,6.624963134527206,249.855,0.37509016692638397,0.0,False,0.005989833967760205,3.1056255837902427,0.1454659579321742,3.257081375690177,17383.0,18383.0,8.0,0.00907983398064971,0.08221895806491375,0.09129879204556346,1680,8,
500,0,0.3,2000,6.729038432240486,9.875046089291573,395.435,0.37509016692638397,7.275957614183426e-12,False,0.01271045790053904,12.367518875049427,0.5113530000671744,12.89158233301714,65115.0,67115.0,9.0,0.021162834018468857,0.16247041593305767,0.18363324995152652,3334,9,
500,1,0.3,2000,7.1249669417738914,36.58304922282696,399.96,0.4159519448876381,7.275957614183426e-12,False,0.10189362498931587,12.340402917005122,0.47787579195573926,12.920172333950177,65111.0,67111.0,9.0,0.017966459039598703,0.14478895789943635,0.16275541693903506,3334,9,
500,2,0.3,2000,6.666057743132114,9.584007784724236,393.245,0.3748573362827301,7.275957614183426e-12,False,0.01248237513937056,12.368993875104934,0.45760354213416576,12.83907979237847,65163.0,67163.0,9.0,0.01685654208995402,0.1422944578807801,0.15915099997073412,3336,9,
1000,0,0.3,2000,13.416516594588757,16.666948795318604,741.03,0.3748573362827301,0.0,False,0.024925374891608953,50.79003891698085,1.9606288340874016,52.77559312595986,272673.0,276673.0,9.0,0.03595941700041294,0.27105170814320445,0.3070111251436174,6601,9,
1000,1,0.3,2000,11.999858543276787,16.249949112534523,726.235,0.37509016692638397,0.0,False,0.02585387509316206,48.959860916947946,1.6996719581075013,50.68538675014861,260488.0,264488.0,9.0,0.03662037500180304,0.30008729198016226,0.3367076669819653,6595,9,
1000,2,0.3,2000,11.979369446635246,16.042031347751617,754.865,0.3341119736433029,0.0,False,0.02439825003966689,51.27403204096481,1.8589032080490142,53.15733349905349,265328.0,269328.0,9.0,0.03459916613064706,0.2932732501067221,0.3278724162373692,6606,9,
2500,0,0.3,2000,32.937037758529186,37.250109016895294,1658.4,0.3341119736433029,0.0,False,0.4224498749244958,361.9535311658401,10.930135417031124,373.3061164577957,1641169.0,1651169.0,9.0,0.10179083305411041,0.7112258749548346,0.813016708008945,16176,9,
2500,1,0.3,2000,30.479044653475285,37.74999640882015,1692.065,0.37509016692638397,0.0,False,0.06727383378893137,346.4369512090925,11.25324225006625,357.7574672929477,1608113.0,1618113.0,9.0,0.09456999995745718,3.900930792093277,3.995500792050734,16174,9,
2500,2,0.3,2000,31.02049231529236,37.33392804861069,1630.22,0.37509016692638397,0.0,False,0.06189529108814895,325.93237941595726,10.888963917037472,336.8832386240829,1671812.0,1681812.0,9.0,0.08600841695442796,0.6296635838225484,0.7156720007769763,16169,9,
5000,0,0.3,2000,63.31293843686581,70.41613571345806,3426.915,0.33387914299964905,,True,,,,,,,,0.16258091595955193,1.221605832921341,1.384186748880893,31668,9,6689040.0
5000,1,0.3,2000,64.16649557650089,71.45805284380913,3344.54,0.33387914299964905,,True,,,,,,,,0.16087629203684628,1.3059828330297023,1.4668591250665486,31648,9,6683340.0
5000,2,0.3,2000,71.08354475349188,76.0830007493496,3346.91,0.3341119736433029,,True,,,,,,,,0.16929075005464256,1.2056746250018477,1.3749653750564903,31655,9,6625661.0
10000,0,0.3,2000,121.8745019286871,145.12520283460617,6496.96,0.3748573362827301,,True,,,,,,,,0.31721770809963346,2.301102250115946,2.6183199582155794,61962,9,26597655.0
10000,1,0.3,2000,129.02147136628628,164.08413648605347,6475.27,0.3748573362827301,,True,,,,,,,,4.3762728329747915,2.3401987079996616,6.716471540974453,61945,9,25868485.0
10000,2,0.3,2000,126.87500566244125,151.29102393984795,6512.47,0.3748573362827301,,True,,,,,,,,0.4665737501345575,2.391837375005707,2.8584111251402646,61947,9,26708961.0
25000,0,0.3,2000,292.3749852925539,356.5829247236252,15694.43,0.3748573362827301,,True,,,,,,,,1.2199361249804497,5.4315506250131875,6.651486749993637,151994,9,165171093.0
25000,1,0.3,2000,293.895835056901,351.4590207487345,16297.36,0.33318065106868744,,True,,,,,,,,1.3317542499862611,5.598184125032276,6.929938375018537,151998,9,163435811.0
25000,2,0.3,2000,302.5414189323783,353.8751043379307,16970.4,0.33318065106868744,,True,,,,,,,,1.3104511671699584,5.4587213329505175,6.769172500120476,151992,9,164715308.0
50000,0,0.3,2000,589.0619941055775,718.0410902947187,33021.77,0.3341119736433029,,True,,,,,,,,2.301665916107595,10.39725362509489,12.698919541202486,301929,9,662199391.0
50000,1,0.3,2000,608.8329246267676,697.3340641707182,31329.265,0.3748573362827301,,True,,,,,,,,2.824431457789615,10.535557958995923,13.359989416785538,301915,9,661534032.0
50000,2,0.3,2000,615.3751164674759,695.9158927202225,32117.47,0.3341119736433029,,True,,,,,,,,2.841339583043009,10.381246916949749,13.222586499992758,301916,9,662781506.0
100000,0,0.3,2000,1364.6044535562396,1421.0839290171862,66049.32,0.37509016692638397,,True,,,,,,,,4.855317417066544,20.51694254204631,25.372259959112853,601670,9,2631450211.0
100000,1,0.3,2000,1378.1250454485416,1620.9168825298548,62922.08,0.37509016692638397,,True,,,,,,,,6.147449125070125,20.555554333142936,26.70300345821306,601674,9,2622822508.0
100000,2,0.3,2000,1273.3748881146312,1428.4581411629915,66087.565,0.3341119736433029,,True,,,,,,,,6.194586124969646,20.180184999946505,26.37477112491615,601671,9,2634301380.0
