rf|a_ml_sem_ontologia,hgb|a_ml_sem_ontologia,mlp|a_ml_sem_ontologia,logreg|a_ml_sem_ontologia,rf|b_ontologia_sem_related,hgb|b_ontologia_sem_related,mlp|b_ontologia_sem_related,logreg|b_ontologia_sem_related,rf|c_so_network_proximity,hgb|c_so_network_proximity,mlp|c_so_network_proximity,logreg|c_so_network_proximity,rf|d_completo,hgb|d_completo,mlp|d_completo,logreg|d_completo,K,seed
0.4557777777777778,0.5071111111111111,0.5053333333333334,0.5295555555555556,0.5427777777777778,0.5071111111111111,0.5431111111111111,0.5295555555555556,0.5245555555555556,0.5197777777777777,0.5713333333333334,0.5664444444444445,1.0,1.0,1.0,1.0,50,1
0.4873333333333333,0.49133333333333334,0.45866666666666667,0.4242222222222223,0.47744444444444445,0.49133333333333334,0.4471111111111111,0.4242222222222223,0.4561111111111111,0.48333333333333334,0.49244444444444446,0.3891111111111111,0.9473333333333334,0.9348888888888889,0.8471111111111111,0.9546666666666667,50,2
0.5291111111111111,0.49822222222222223,0.34755555555555556,0.49955555555555553,0.5106666666666666,0.49822222222222223,0.39244444444444454,0.49955555555555553,0.49777777777777776,0.45466666666666666,0.3937777777777777,0.5195555555555555,0.9866666666666667,0.935111111111111,0.7582222222222222,0.9333333333333333,50,3
0.40111111111111114,0.44666666666666666,0.5,0.5231111111111111,0.45799999999999996,0.44666666666666666,0.5346666666666666,0.5231111111111111,0.4275555555555555,0.438,0.596,0.5566666666666666,0.9095555555555557,0.8973333333333334,0.8766666666666667,0.9080000000000001,50,4
0.4692222222222222,0.4813333333333333,0.3884444444444445,0.4602222222222222,0.447,0.4813333333333333,0.6864444444444445,0.4602222222222222,0.4781111111111111,0.5031111111111111,0.6837777777777778,0.5026666666666666,0.9465555555555556,0.9305555555555557,0.9,0.9382222222222222,50,5
0.5871111111111111,0.674,0.5137777777777778,0.5317777777777778,0.6258888888888889,0.674,0.49066666666666664,0.5317777777777778,0.5776666666666667,0.6393333333333333,0.5237777777777778,0.5506666666666666,0.9514444444444445,0.9675555555555555,0.8497777777777777,0.955111111111111,50,6
0.4221111111111111,0.5317777777777777,0.5806666666666667,0.39111111111111113,0.4364444444444444,0.5317777777777777,0.42066666666666663,0.39111111111111113,0.44533333333333336,0.5417777777777778,0.45511111111111113,0.43333333333333335,0.9008888888888889,0.9464444444444444,0.8028888888888889,0.9384444444444444,50,7
0.585,0.5095555555555555,0.45466666666666666,0.4464444444444444,0.5508888888888889,0.5095555555555555,0.48311111111111105,0.4464444444444444,0.5253333333333333,0.5111111111111111,0.5291111111111111,0.476,1.0,1.0,0.7666666666666667,1.0,50,8
0.554,0.5937777777777777,0.3993333333333333,0.4968888888888889,0.5632222222222223,0.5937777777777777,0.5573333333333333,0.4968888888888889,0.5537777777777778,0.6375555555555557,0.5744444444444445,0.5217777777777778,0.9527777777777777,0.975111111111111,0.8957777777777778,0.9508888888888889,50,9
0.4882222222222222,0.5262222222222223,0.49266666666666664,0.5031111111111111,0.4925555555555555,0.5262222222222223,0.49333333333333335,0.5031111111111111,0.5415555555555556,0.5215555555555556,0.5371111111111111,0.5257777777777778,1.0,0.9999999999999999,0.8902222222222222,1.0,50,10
0.6211111111111112,0.5882222222222223,0.5395555555555556,0.5873333333333334,0.5943333333333333,0.5882222222222223,0.45866666666666667,0.5873333333333334,0.6087777777777776,0.5851111111111111,0.46266666666666667,0.608,1.0,1.0,0.8964444444444445,1.0,50,11
0.5483333333333333,0.47844444444444445,0.5811111111111111,0.5293333333333334,0.5652222222222222,0.47844444444444445,0.5093333333333334,0.5293333333333334,0.5617777777777778,0.48377777777777775,0.47155555555555556,0.5066666666666666,1.0,1.0,1.0,1.0,50,12
0.5015555555555556,0.5502222222222222,0.5933333333333333,0.5008888888888889,0.5653333333333334,0.5502222222222222,0.39511111111111114,0.5008888888888889,0.5886666666666667,0.5884444444444444,0.4391111111111111,0.5228888888888888,0.9445555555555556,0.8495555555555555,0.8271111111111111,0.8886666666666667,50,13
0.5527777777777778,0.5102222222222222,0.6726666666666666,0.49288888888888893,0.538,0.5102222222222222,0.524,0.49288888888888893,0.5211111111111111,0.538,0.6231111111111111,0.4613333333333334,0.9827777777777778,0.9386666666666666,0.8971111111111111,0.8337777777777778,50,14
0.5122222222222222,0.5322222222222223,0.492,0.46355555555555555,0.5211111111111111,0.5322222222222223,0.42822222222222217,0.46355555555555555,0.538,0.54,0.4924444444444444,0.49600000000000005,1.0,1.0,0.8231111111111112,1.0,50,15
0.6556666666666666,0.5018888888888888,0.702,0.5195555555555555,0.6004444444444444,0.5018888888888888,0.47044444444444444,0.5195555555555555,0.549,0.5044444444444445,0.5757777777777778,0.5371111111111111,1.0,1.0,0.8440000000000001,1.0,50,16
0.513888888888889,0.386,0.302,0.43222222222222223,0.5572222222222223,0.386,0.5237777777777778,0.43222222222222223,0.5526666666666666,0.386,0.49533333333333335,0.4166666666666667,0.9956666666666667,0.9904444444444445,0.7562222222222222,0.8702222222222222,50,17
0.5935555555555556,0.6665555555555556,0.5524444444444444,0.4406666666666667,0.6025555555555555,0.6665555555555556,0.4415555555555556,0.4406666666666667,0.6124444444444443,0.633888888888889,0.4835555555555555,0.47444444444444445,0.9428888888888889,0.9610000000000001,0.8253333333333333,0.9288888888888889,50,18
0.49311111111111106,0.5383333333333333,0.40155555555555555,0.6162222222222222,0.49955555555555553,0.5383333333333333,0.552,0.6162222222222222,0.5147777777777778,0.5336666666666667,0.5526666666666666,0.6351111111111111,1.0,1.0,1.0,1.0,50,19
0.5001111111111111,0.5535555555555556,0.5842222222222222,0.4693333333333333,0.5485555555555556,0.5535555555555556,0.5348888888888889,0.4693333333333333,0.4816666666666667,0.5171111111111111,0.5251111111111111,0.47244444444444444,0.9513333333333334,0.9562222222222222,0.9386666666666668,0.924,50,20
0.6135555555555555,0.5526666666666666,0.44533333333333336,0.4686666666666667,0.6311111111111112,0.5526666666666666,0.49066666666666664,0.4686666666666667,0.5944444444444446,0.5386666666666666,0.494,0.4424444444444445,1.0,1.0,0.7797777777777777,0.9966666666666667,50,21
0.6814444444444445,0.5893333333333333,0.4602222222222222,0.4026666666666666,0.6667777777777777,0.5893333333333333,0.5135555555555555,0.4026666666666666,0.6481111111111111,0.5484444444444444,0.4144444444444445,0.3711111111111111,0.9867777777777778,0.9866666666666667,0.7824444444444444,0.9582222222222222,50,22
0.46199999999999997,0.40888888888888886,0.5166666666666666,0.4304444444444444,0.4312222222222222,0.40888888888888886,0.6017777777777777,0.4304444444444444,0.44777777777777783,0.42911111111111105,0.5335555555555556,0.4284444444444444,0.9504444444444444,0.9928888888888888,0.9284444444444444,0.9484444444444444,50,23
0.48455555555555563,0.5002222222222222,0.4742222222222222,0.5086666666666667,0.4613333333333333,0.5002222222222222,0.3908888888888889,0.5086666666666667,0.5306666666666667,0.5244444444444445,0.4915555555555555,0.48777777777777775,0.9451111111111112,0.9564444444444444,0.8406666666666667,0.8946666666666666,50,24
0.4892222222222223,0.5237777777777778,0.334,0.5311111111111111,0.43933333333333335,0.5237777777777778,0.5351111111111111,0.5311111111111111,0.46244444444444444,0.5377777777777778,0.5224444444444444,0.5633333333333334,0.9533333333333333,0.9862222222222222,0.8602222222222222,0.9702222222222222,50,25
0.38611111111111107,0.4442222222222222,0.3897777777777778,0.5035555555555555,0.3924444444444445,0.4442222222222222,0.6053333333333333,0.5035555555555555,0.3913333333333333,0.4493333333333333,0.6213333333333334,0.47155555555555556,0.9207777777777777,0.9135555555555556,0.8835555555555556,0.9217777777777778,50,26
0.46322222222222226,0.5428888888888889,0.4808888888888889,0.4731111111111111,0.4846666666666666,0.5428888888888889,0.4457777777777778,0.4731111111111111,0.5312222222222223,0.5760000000000001,0.4177777777777778,0.4988888888888888,0.9238888888888888,0.9277777777777777,0.7848888888888889,0.9206666666666666,50,27
0.5224444444444445,0.49755555555555553,0.47533333333333333,0.6333333333333333,0.5277777777777777,0.49755555555555553,0.48533333333333334,0.6333333333333333,0.5136666666666667,0.4953333333333333,0.4635555555555556,0.6528888888888889,0.992111111111111,0.9431111111111111,0.888888888888889,0.9757777777777779,50,28
0.5218888888888888,0.428,0.4922222222222223,0.46955555555555556,0.5462222222222223,0.428,0.5555555555555556,0.46955555555555556,0.5407777777777778,0.43,0.5355555555555556,0.45711111111111113,0.9923333333333335,0.9715555555555556,0.9362222222222223,0.9346666666666666,50,29
0.489,0.3861111111111111,0.5691111111111111,0.43533333333333324,0.544888888888889,0.3861111111111111,0.47044444444444444,0.43533333333333324,0.4738888888888889,0.42766666666666664,0.47422222222222216,0.4655555555555555,0.9607777777777777,0.9315555555555556,0.9286666666666666,0.8995555555555556,50,30
0.5022555555555556,0.5094,0.5115777777777778,0.5291666666666667,0.5081000000000001,0.5094,0.5383333333333333,0.5291666666666667,0.7158222222222222,0.7178222222222223,0.7065444444444444,0.7191555555555555,0.9758999999999999,0.9789,0.9609111111111112,0.9690222222222222,1000,1
0.4923444444444445,0.5029999999999999,0.5104777777777778,0.5100222222222222,0.49050555555555553,0.5029999999999999,0.46449999999999997,0.5100222222222222,0.6682833333333335,0.6679777777777778,0.6456999999999999,0.6796555555555555,0.9757555555555556,0.9822555555555555,0.9662777777777777,0.9666333333333333,1000,2
0.47164999999999996,0.47723333333333334,0.4500888888888889,0.5339888888888888,0.4820944444444445,0.47723333333333334,0.5272333333333333,0.5339888888888888,0.6234388888888889,0.6305888888888889,0.6327111111111112,0.6885777777777777,0.9806777777777778,0.9714555555555555,0.9404555555555555,0.9477666666666668,1000,3
0.5191166666666667,0.48940000000000006,0.4476333333333334,0.5024333333333333,0.5197666666666667,0.48940000000000006,0.49825555555555556,0.5024333333333333,0.6351055555555556,0.6251333333333333,0.6529111111111111,0.6572555555555556,0.9803277777777777,0.9861444444444444,0.9614555555555555,0.9669,1000,4
0.5015277777777778,0.44949999999999996,0.5200555555555555,0.49474444444444443,0.4964166666666666,0.44949999999999996,0.5343333333333333,0.49474444444444443,0.6273,0.6087,0.6435333333333333,0.6435666666666666,0.9742055555555555,0.9806111111111112,0.9499555555555556,0.9591999999999998,1000,5
0.5039388888888888,0.5214611111111112,0.4940888888888889,0.49406666666666665,0.5006833333333333,0.5214611111111112,0.5049555555555556,0.49406666666666665,0.6721666666666667,0.6888,0.6719,0.6926666666666667,0.9644555555555555,0.9690166666666666,0.9444111111111111,0.9502555555555556,1000,6
0.5734111111111111,0.5455111111111112,0.5451222222222222,0.5268444444444444,0.5651666666666665,0.5455111111111112,0.48496666666666666,0.5268444444444444,0.6754333333333332,0.6525222222222222,0.6683333333333334,0.6668111111111111,0.9795055555555555,0.9749444444444445,0.9492666666666665,0.9519777777777777,1000,7
0.4841722222222223,0.4757166666666667,0.48554444444444445,0.4999,0.49115555555555557,0.4757166666666667,0.4744555555555555,0.4999,0.6852277777777778,0.6721111111111111,0.6900333333333334,0.6890222222222223,0.9763722222222223,0.9820333333333333,0.9628888888888888,0.9658666666666669,1000,8
0.4874055555555555,0.5018444444444444,0.5092222222222222,0.5066999999999999,0.49657222222222225,0.5018444444444444,0.4805888888888889,0.5066999999999999,0.6698333333333333,0.6590666666666667,0.6455333333333333,0.6652111111111112,0.9818944444444444,0.9810555555555555,0.9641222222222223,0.9653333333333333,1000,9
0.5169444444444444,0.5339444444444444,0.4801333333333334,0.5050777777777777,0.5264888888888889,0.5339444444444444,0.4856,0.5050777777777777,0.6665833333333334,0.6690111111111111,0.6522333333333333,0.6539777777777778,0.9815833333333331,0.9801333333333334,0.9642666666666667,0.9644777777777777,1000,10
0.4907222222222223,0.4907666666666667,0.5242333333333334,0.5127777777777778,0.49677777777777776,0.4907666666666667,0.49173333333333336,0.5127777777777778,0.6929444444444444,0.6749,0.6580444444444444,0.6955222222222222,0.9804055555555554,0.9786333333333334,0.9551777777777779,0.9593111111111111,1000,11
0.4723611111111111,0.46781111111111107,0.4870888888888889,0.5001,0.4774555555555555,0.46781111111111107,0.5121333333333333,0.5001,0.6808944444444445,0.6523111111111111,0.6590555555555557,0.6729,0.9739777777777778,0.9819333333333333,0.9584222222222222,0.960188888888889,1000,12
0.4597888888888889,0.4964333333333334,0.4928,0.4892777777777778,0.4509722222222222,0.4964333333333334,0.4925333333333334,0.4892777777777778,0.6355333333333333,0.6602166666666667,0.6831222222222222,0.6551,0.9726500000000001,0.9731444444444445,0.9537555555555557,0.9544111111111112,1000,13
0.5315055555555556,0.5459888888888889,0.5109333333333334,0.49031111111111114,0.5321444444444444,0.5459888888888889,0.45847777777777776,0.49031111111111114,0.7206888888888889,0.7061222222222222,0.6715777777777778,0.6991,0.9781055555555555,0.9848111111111112,0.9750333333333333,0.9745222222222222,1000,14
0.4961055555555556,0.4910777777777777,0.5138444444444444,0.46287777777777783,0.4859111111111111,0.4910777777777777,0.4648111111111112,0.46287777777777783,0.6678722222222222,0.6505000000000001,0.6745555555555556,0.6587444444444445,0.9806,0.9810333333333333,0.9630000000000001,0.9588333333333334,1000,15
0.5268611111111111,0.5297277777777778,0.5146555555555555,0.5055888888888889,0.5274055555555556,0.5297277777777778,0.48392222222222225,0.5055888888888889,0.6824666666666667,0.6510666666666667,0.6743222222222223,0.6772555555555555,0.9746611111111112,0.9841222222222222,0.9606444444444444,0.9652555555555556,1000,16
0.5315,0.5362666666666667,0.5127666666666666,0.5267222222222222,0.527538888888889,0.5362666666666667,0.4861666666666667,0.5267222222222222,0.6509055555555555,0.6522222222222223,0.6665333333333333,0.6651,0.9698111111111112,0.9729555555555556,0.9459333333333333,0.9458444444444444,1000,17
0.5095222222222222,0.510588888888889,0.5102111111111111,0.4952444444444444,0.49895,0.510588888888889,0.5008222222222223,0.4952444444444444,0.679238888888889,0.6848666666666666,0.671388888888889,0.6482111111111111,0.9778222222222223,0.9737222222222222,0.9540222222222222,0.9650444444444445,1000,18
0.51315,0.5223277777777778,0.5387444444444445,0.5532555555555556,0.5115944444444445,0.5223277777777778,0.4958555555555556,0.5532555555555556,0.646561111111111,0.6422222222222222,0.6357666666666666,0.6806777777777777,0.9735055555555557,0.9765666666666667,0.9483333333333334,0.9599222222222222,1000,19
0.4810888888888889,0.4710944444444445,0.48392222222222225,0.46391111111111116,0.49060000000000004,0.4710944444444445,0.46690000000000004,0.46391111111111116,0.6932611111111111,0.6781277777777779,0.6565888888888888,0.6734333333333333,0.9759111111111112,0.9757666666666667,0.9509111111111112,0.9573444444444446,1000,20
0.5112833333333333,0.5284666666666666,0.48534444444444447,0.4979222222222222,0.4903944444444444,0.5284666666666666,0.5213222222222222,0.4979222222222222,0.6461722222222223,0.672988888888889,0.6702444444444444,0.6836,0.9688499999999999,0.9697888888888889,0.9593777777777779,0.9610222222222223,1000,21
0.4824888888888888,0.46821666666666667,0.46514444444444447,0.4667444444444445,0.48198888888888886,0.46821666666666667,0.4784,0.4667444444444445,0.6667833333333334,0.6413611111111112,0.6794777777777777,0.674611111111111,0.9743,0.9782222222222223,0.9630111111111112,0.9655777777777778,1000,22
0.5190333333333335,0.5040722222222223,0.515,0.5168333333333334,0.5208388888888889,0.5040722222222223,0.49470000000000003,0.5168333333333334,0.6813444444444445,0.6486944444444445,0.6070555555555556,0.6545555555555556,0.9795722222222223,0.9857333333333332,0.9686888888888888,0.9692333333333332,1000,23
0.4960722222222222,0.4979944444444444,0.4980111111111111,0.5349444444444444,0.5015444444444445,0.4979944444444444,0.4938444444444445,0.5349444444444444,0.6533111111111112,0.6454888888888889,0.6516888888888889,0.6549444444444446,0.9769666666666666,0.9817777777777777,0.9472,0.9668999999999999,1000,24
0.4962277777777777,0.5127222222222222,0.5184555555555556,0.4865111111111111,0.5036277777777779,0.5127222222222222,0.4875555555555555,0.4865111111111111,0.6037555555555556,0.6192333333333333,0.6472111111111112,0.6508222222222222,0.9664,0.9709,0.9610555555555556,0.9520333333333333,1000,25
0.4650888888888889,0.4818888888888889,0.4705555555555556,0.5274333333333333,0.47132222222222225,0.4818888888888889,0.49806666666666666,0.5274333333333333,0.6607722222222221,0.6654333333333333,0.7028333333333333,0.7045111111111111,0.9778055555555556,0.9798555555555557,0.9337333333333333,0.9557444444444445,1000,26
0.4849111111111111,0.48326111111111114,0.5232888888888889,0.5034444444444445,0.4985222222222223,0.48326111111111114,0.5055000000000001,0.5034444444444445,0.6702444444444445,0.6455444444444445,0.7131222222222222,0.7024,0.9886166666666666,0.9883111111111111,0.9793444444444446,0.9791555555555556,1000,27
0.5009722222222222,0.5149666666666667,0.4898555555555556,0.4697,0.5096,0.5149666666666667,0.5108555555555555,0.4697,0.6273055555555556,0.62335,0.6491222222222222,0.6450888888888888,0.9773166666666666,0.980388888888889,0.9582555555555555,0.9633777777777778,1000,28
0.5252388888888889,0.5126944444444445,0.5375666666666666,0.5383777777777778,0.5193166666666668,0.5126944444444445,0.4593555555555556,0.5383777777777778,0.656638888888889,0.6499833333333334,0.6381333333333333,0.6861444444444444,0.9790333333333334,0.9785555555555556,0.9474,0.9625444444444444,1000,29
0.5099222222222222,0.4947944444444444,0.5268222222222222,0.534,0.5218944444444444,0.4947944444444444,0.49713333333333337,0.534,0.6704000000000001,0.6598833333333334,0.6653333333333333,0.7108333333333333,0.9682499999999999,0.9742555555555554,0.9470444444444445,0.9519666666666666,1000,30
