a_ml_sem_ontologia,b_ontologia_sem_related,c_so_network_proximity,d_completo,mit_attack_cov,mit_collateral,mit_ja4_in_scope,enr_attack_cov,enr_collateral,enr_ja4_in_scope,enr_n_ja4,mit_global_collateral,benign_head_share,benign_ja4_distinct,share_ja4_attack,share_ja4_benign,ja4_overlap,alpha,stacks,adversarial,K,seed
0.4899388888888889,0.4824833333333333,0.679,0.9839555555555556,0.882,0.0,True,0.882,0.0,True,1,1.0,0.004,784,777.042,0.486,0,0.0,1,False,1000,1
0.5118833333333332,0.5088944444444444,0.6688833333333335,0.9830277777777778,0.901,0.0,True,0.901,0.0,True,1,1.0,0.005,768,803.712,0.556,0,0.0,1,False,1000,2
0.4948166666666667,0.5013666666666666,0.6597222222222222,0.9803333333333333,0.003,0.0,True,0.003,0.0,True,1,1.0,0.004,779,763.002,0.516,0,0.0,1,False,1000,3
0.49947777777777774,0.4877222222222222,0.6558888888888889,0.9786222222222223,0.909,0.0,True,0.909,0.0,True,1,1.0,0.004,783,823.556,0.494,0,0.0,1,False,1000,4
0.4930444444444444,0.49719444444444444,0.6154777777777778,0.9727444444444446,0.9,0.0,True,0.9,0.0,True,1,1.0,0.004,798,805.506,0.48,0,0.0,1,False,1000,5
0.4710888888888889,0.47428333333333333,0.631488888888889,0.9643999999999999,0.889,0.0,True,0.889,0.0,True,1,1.0,0.004,788,785.882,0.478,0,0.0,1,False,1000,6
0.5254166666666668,0.5143555555555556,0.6647611111111112,0.9716833333333333,0.904,0.0,True,0.904,0.0,True,1,1.0,0.004,791,812.702,0.488,0,0.0,1,False,1000,7
0.5038666666666667,0.5116944444444445,0.6442777777777778,0.970211111111111,0.901,0.0,True,0.901,0.0,True,1,1.0,0.004,804,807.302,0.476,0,0.0,1,False,1000,8
0.4609888888888889,0.46981666666666666,0.6422944444444445,0.9795277777777777,0.914,0.0,True,0.914,0.0,True,1,1.0,0.004,798,830.832,0.46,0,0.0,1,False,1000,9
0.5147944444444444,0.5215833333333333,0.6392722222222222,0.9819,0.91,0.0,True,0.91,0.0,True,1,1.0,0.004,789,825.372,0.472,0,0.0,1,False,1000,10
0.5029166666666667,0.501738888888889,0.6732444444444444,0.9705666666666668,0.893,0.0,True,0.893,0.0,True,1,1.0,0.004,776,796.556,0.51,0,0.0,1,False,1000,11
0.4863722222222222,0.49615555555555557,0.6559555555555556,0.9747055555555555,0.891,0.0,True,0.891,0.0,True,1,1.0,0.004,771,789.432,0.554,0,0.0,1,False,1000,12
0.49987777777777775,0.49790555555555555,0.6518055555555555,0.9752833333333334,0.903,0.0,True,0.903,0.0,True,1,1.0,0.003,790,812.702,0.468,0,0.0,1,False,1000,13
0.5097111111111111,0.506788888888889,0.6987833333333334,0.9775888888888888,0.912,0.0,True,0.912,0.0,True,1,1.0,0.004,779,829.01,0.524,0,0.0,1,False,1000,14
0.4645500000000001,0.4730388888888889,0.655,0.9751666666666667,0.892,0.0,True,0.892,0.0,True,1,1.0,0.004,787,789.44,0.472,0,0.0,1,False,1000,15
0.4899388888888889,0.4824833333333333,0.679,0.9977,0.882,0.0,True,0.882,0.0,True,1,1.0,0.412,117,777.042,197.736,0,1.5,1,False,1000,1
0.5118833333333332,0.5088944444444444,0.6688833333333335,0.9973555555555556,0.901,0.0,True,0.901,0.0,True,1,1.0,0.424,124,803.712,205.668,0,1.5,1,False,1000,2
0.4948166666666667,0.5013666666666666,0.6597222222222222,0.9981888888888889,0.003,0.0,True,0.003,0.0,True,1,1.0,0.379,123,763.002,175.946,0,1.5,1,False,1000,3
0.49947777777777774,0.4877222222222222,0.6558888888888889,0.9983166666666666,0.909,0.0,True,0.909,0.0,True,1,1.0,0.363,127,823.556,161.434,0,1.5,1,False,1000,4
0.4930444444444444,0.49719444444444444,0.6154777777777778,0.9952833333333333,0.9,0.0,True,0.9,0.0,True,1,1.0,0.415,125,805.506,196.248,0,1.5,1,False,1000,5
0.4710888888888889,0.47428333333333333,0.631488888888889,0.9960111111111111,0.889,0.0,True,0.889,0.0,True,1,1.0,0.385,127,785.882,175.188,0,1.5,1,False,1000,6
0.5254166666666668,0.5143555555555556,0.6647611111111112,0.9966055555555555,0.904,0.0,True,0.904,0.0,True,1,1.0,0.356,133,812.702,158.29,0,1.5,1,False,1000,7
0.5038666666666667,0.5116944444444445,0.6442777777777778,0.996161111111111,0.901,0.0,True,0.901,0.0,True,1,1.0,0.398,126,807.302,184.07,0,1.5,1,False,1000,8
0.4609888888888889,0.46981666666666666,0.6422944444444445,0.9965722222222222,0.914,0.0,True,0.914,0.0,True,1,1.0,0.389,134,830.832,180.052,0,1.5,1,False,1000,9
0.5147944444444444,0.5215833333333333,0.6392722222222222,0.9978388888888888,0.91,0.0,True,0.91,0.0,True,1,1.0,0.405,127,825.372,190.354,0,1.5,1,False,1000,10
0.5029166666666667,0.501738888888889,0.6732444444444444,0.9959055555555556,0.893,0.0,True,0.893,0.0,True,1,1.0,0.393,138,796.556,177.92,0,1.5,1,False,1000,11
0.4863722222222222,0.49615555555555557,0.6559555555555556,0.9978055555555556,0.891,0.0,True,0.891,0.0,True,1,1.0,0.394,108,789.432,180.666,0,1.5,1,False,1000,12
0.49987777777777775,0.49790555555555555,0.6518055555555555,0.9971722222222222,0.903,0.0,True,0.903,0.0,True,1,1.0,0.394,113,812.702,185.01,0,1.5,1,False,1000,13
0.5097111111111111,0.506788888888889,0.6987833333333334,0.9965833333333334,0.912,0.0,True,0.912,0.0,True,1,1.0,0.365,141,829.01,166.586,0,1.5,1,False,1000,14
0.4645500000000001,0.4730388888888889,0.655,0.9959722222222221,0.892,0.0,True,0.892,0.0,True,1,1.0,0.378,141,789.44,167.232,0,1.5,1,False,1000,15
0.4789166666666667,0.4769222222222222,0.6426444444444445,0.9932944444444444,0.0,0.412,True,0.889,0.0,True,5,1.0,0.412,117,158.498,197.256,0,1.5,5,False,1000,1
0.5176888888888888,0.5103666666666666,0.6862166666666667,0.9967444444444444,0.0,0.424,True,0.89,0.0,True,5,1.0,0.424,124,158.184,205.668,0,1.5,5,False,1000,2
0.47105555555555556,0.47422777777777775,0.6574722222222222,0.9956277777777778,0.0,0.379,True,0.894,0.0,True,5,1.0,0.379,123,159.776,175.946,0,1.5,5,False,1000,3
0.5265833333333334,0.5219388888888888,0.6729999999999999,0.9969666666666667,0.0,0.363,True,0.906,0.0,True,5,1.0,0.363,127,162.67,159.934,0,1.5,5,False,1000,4
0.5025666666666666,0.49802222222222214,0.6386333333333334,0.9960277777777778,0.0,0.415,True,0.909,0.0,True,5,1.0,0.415,125,163.84,196.248,0,1.5,5,False,1000,5
0.5151444444444444,0.5143333333333333,0.6319388888888889,0.9944555555555555,0.0,0.385,True,0.894,0.0,True,5,1.0,0.385,127,159.83,175.188,0,1.5,5,False,1000,6
0.5048277777777778,0.5058999999999999,0.6481833333333336,0.9982111111111112,0.0,0.356,True,0.915,0.0,True,5,1.0,0.356,133,166.544,158.29,0,1.5,5,False,1000,7
0.5142666666666666,0.5095777777777778,0.6276555555555555,0.9955111111111111,0.0,0.398,True,0.895,0.0,True,5,1.0,0.398,126,159.042,184.07,0,1.5,5,False,1000,8
0.49249999999999994,0.4963388888888889,0.6632,0.994388888888889,0.0,0.389,True,0.923,0.0,True,5,1.0,0.389,134,169.658,182.032,0,1.5,5,False,1000,9
0.5080388888888889,0.51115,0.6614777777777778,0.9965666666666667,0.0,0.405,True,0.907,0.0,True,5,1.0,0.405,127,163.484,190.356,0,1.5,5,False,1000,10
0.4795722222222222,0.4632444444444445,0.6292333333333334,0.9953166666666666,0.0,0.393,True,0.891,0.0,True,5,1.0,0.393,138,158.764,177.92,0,1.5,5,False,1000,11
0.48282222222222226,0.48964444444444444,0.6649000000000003,0.9989444444444445,0.0,0.394,True,0.899,0.0,True,5,1.0,0.394,108,161.758,180.666,0,1.5,5,False,1000,12
0.45949999999999996,0.4665055555555555,0.6533388888888889,0.9967722222222223,0.0,0.394,True,0.899,0.0,True,5,1.0,0.394,113,160.528,185.01,0,1.5,5,False,1000,13
0.4978833333333333,0.4949611111111111,0.6374111111111113,0.9935722222222222,0.0,0.365,True,0.899,0.0,True,5,1.0,0.365,141,161.148,167.31,0,1.5,5,False,1000,14
0.49069444444444443,0.48794999999999994,0.6807222222222222,0.9948222222222223,0.0,0.378,True,0.895,0.0,True,5,1.0,0.378,141,160.064,170.236,0,1.5,5,False,1000,15
0.524188888888889,0.5224055555555556,0.6545777777777778,0.9850111111111111,0.0,0.412,True,0.876,0.0,True,24,1.0,0.412,117,32.164,197.256,0,1.5,25,False,1000,1
0.4952388888888889,0.5012611111111112,0.6416,0.9828833333333333,0.0,0.424,True,0.908,0.0,True,25,1.0,0.424,124,32.56,205.668,0,1.5,25,False,1000,2
0.5239444444444445,0.5149055555555556,0.6727611111111113,0.982138888888889,0.0,0.379,True,0.89,0.0,True,25,1.0,0.379,123,31.562,175.946,0,1.5,25,False,1000,3
0.5058111111111111,0.49512222222222224,0.6876944444444445,0.97985,0.0,0.363,True,0.916,0.0,True,25,1.0,0.363,127,33.8,161.434,0,1.5,25,False,1000,4
0.4923833333333333,0.4892222222222223,0.6337722222222222,0.9853333333333334,0.0,0.415,True,0.895,0.0,True,25,1.0,0.415,125,31.842,196.248,0,1.5,25,False,1000,5
0.50345,0.50045,0.645411111111111,0.95765,0.0,0.385,True,0.893,0.0,True,25,1.0,0.385,127,31.518,175.188,0,1.5,25,False,1000,6
0.5250388888888889,0.5275666666666667,0.669688888888889,0.9862777777777777,0.0,0.356,True,0.919,0.0,True,25,1.0,0.356,133,33.46,158.29,0,1.5,25,False,1000,7
0.47130555555555553,0.4666111111111111,0.6352944444444444,0.9624055555555555,0.0,0.398,True,0.888,0.0,True,25,1.0,0.398,126,31.718,184.07,0,1.5,25,False,1000,8
0.5212888888888889,0.5002833333333333,0.6494388888888889,0.9868611111111111,0.0,0.389,True,0.915,0.0,True,25,1.0,0.389,134,33.026,182.032,0,1.5,25,False,1000,9
0.4959944444444444,0.5001222222222222,0.6279722222222223,0.9775055555555556,0.0,0.405,True,0.91,0.0,True,25,1.0,0.405,127,34.012,190.82,0,1.5,25,False,1000,10
0.50775,0.5082111111111111,0.7005722222222223,0.98725,0.0,0.393,True,0.903,0.0,True,25,1.0,0.393,138,32.146,176.268,0,1.5,25,False,1000,11
0.49679444444444454,0.50315,0.6749777777777778,0.9834611111111111,0.0,0.394,True,0.901,0.0,True,25,1.0,0.394,108,32.468,180.666,0,1.5,25,False,1000,12
0.49802222222222226,0.4883222222222222,0.6152777777777779,0.9776611111111111,0.0,0.394,True,0.907,0.0,True,25,1.0,0.394,113,33.122,185.01,0,1.5,25,False,1000,13
0.5103777777777778,0.5046222222222223,0.6611833333333335,0.9632000000000001,0.0,0.365,True,0.908,0.0,True,25,1.0,0.365,141,33.182,166.586,0,1.5,25,False,1000,14
0.4689222222222223,0.4606777777777778,0.6674055555555556,0.9850277777777778,0.0,0.378,True,0.898,0.0,True,25,1.0,0.378,141,32.066,167.232,0,1.5,25,False,1000,15
0.524188888888889,0.5224055555555556,0.6545777777777778,0.9456944444444444,0.0,0.412,True,1.0,1.0,False,0,1.0,0.412,117,8.162,197.256,0,1.5,100,False,1000,1
0.4952388888888889,0.5012611111111112,0.6416,0.9627444444444444,0.0,0.424,True,1.0,1.0,False,0,1.0,0.424,124,8.08,205.668,0,1.5,100,False,1000,2
0.5239444444444445,0.5149055555555556,0.6727611111111113,0.9755,0.0,0.379,True,1.0,1.0,False,0,1.0,0.379,123,7.93,175.946,0,1.5,100,False,1000,3
0.5058111111111111,0.49512222222222224,0.6876944444444445,0.9645,0.0,0.363,True,1.0,1.0,False,0,1.0,0.363,127,8.502,161.434,0,1.5,100,False,1000,4
0.4923833333333333,0.4892222222222223,0.6337722222222222,0.953388888888889,0.0,0.415,True,1.0,1.0,False,0,1.0,0.415,125,8.12,196.248,0,1.5,100,False,1000,5
0.50345,0.50045,0.645411111111111,0.9557833333333334,0.0,0.385,True,1.0,1.0,False,0,1.0,0.385,127,7.856,175.188,0,1.5,100,False,1000,6
0.5250388888888889,0.5275666666666667,0.669688888888889,0.9733055555555555,0.0,0.356,True,1.0,1.0,False,0,1.0,0.356,133,8.286,158.29,0,1.5,100,False,1000,7
0.47130555555555553,0.4666111111111111,0.6352944444444444,0.9517055555555556,0.0,0.398,True,1.0,1.0,False,0,1.0,0.398,126,7.978,184.07,0,1.5,100,False,1000,8
0.5212888888888889,0.5002833333333333,0.6494388888888889,0.9812333333333333,0.0,0.389,True,1.0,1.0,False,0,1.0,0.389,134,8.144,182.032,0,1.5,100,False,1000,9
0.4959944444444444,0.5001222222222222,0.6279722222222223,0.9605888888888888,0.0,0.405,True,1.0,1.0,False,0,1.0,0.405,127,8.44,190.82,0,1.5,100,False,1000,10
0.50775,0.5082111111111111,0.7005722222222223,0.9762611111111111,0.0,0.393,True,1.0,1.0,False,0,1.0,0.393,138,7.928,176.268,0,1.5,100,False,1000,11
0.49679444444444454,0.50315,0.6749777777777778,0.9665722222222222,0.0,0.394,True,0.02,0.0,True,1,1.0,0.394,108,8.258,180.666,0,1.5,100,False,1000,12
0.49802222222222226,0.4883222222222222,0.6152777777777779,0.943238888888889,0.0,0.394,True,1.0,1.0,False,0,1.0,0.394,113,8.29,185.01,0,1.5,100,False,1000,13
0.5103777777777778,0.5046222222222223,0.6611833333333335,0.9475166666666667,0.0,0.365,True,1.0,1.0,False,0,1.0,0.365,141,8.38,166.586,0,1.5,100,False,1000,14
0.4689222222222223,0.4606777777777778,0.6674055555555556,0.9504166666666667,0.0,0.378,True,1.0,1.0,False,0,1.0,0.378,141,8.044,167.232,0,1.5,100,False,1000,15
0.524188888888889,0.5224055555555556,0.6545777777777778,0.9857333333333332,0.0,0.622,True,0.876,0.0,True,24,1.0,0.622,39,32.164,410.28,0,2.0,25,False,1000,1
0.4952388888888889,0.5012611111111112,0.6416,0.9929666666666667,0.0,0.64,True,0.908,0.0,True,25,1.0,0.64,36,32.56,427.02,0,2.0,25,False,1000,2
0.5239444444444445,0.5149055555555556,0.6727611111111113,0.9949500000000001,0.0,0.614,True,0.89,0.0,True,25,1.0,0.614,43,31.562,405.54,0,2.0,25,False,1000,3
0.5058111111111111,0.49512222222222224,0.6876944444444445,0.9925444444444445,0.0,0.584,True,0.916,0.0,True,25,1.0,0.584,45,33.8,371.146,0,2.0,25,False,1000,4
0.4923833333333333,0.4892222222222223,0.6337722222222222,0.9911833333333333,0.0,0.611,True,0.895,0.0,True,25,1.0,0.611,44,31.842,400.634,0,2.0,25,False,1000,5
0.50345,0.50045,0.645411111111111,0.9874444444444445,0.0,0.622,True,0.893,0.0,True,25,1.0,0.622,43,31.518,401.35,0,2.0,25,False,1000,6
0.5250388888888889,0.5275666666666667,0.669688888888889,0.9946611111111111,0.0,0.587,True,0.919,0.0,True,25,1.0,0.587,45,33.46,370.174,0,2.0,25,False,1000,7
0.47130555555555553,0.4666111111111111,0.6352944444444444,0.9921666666666668,0.0,0.61,True,0.888,0.0,True,25,1.0,0.61,38,31.718,399.24,0,2.0,25,False,1000,8
0.5212888888888889,0.5002833333333333,0.6494388888888889,0.9971277777777777,0.0,0.619,True,0.915,0.0,True,25,1.0,0.619,42,33.026,409.594,0,2.0,25,False,1000,9
0.4959944444444444,0.5001222222222222,0.6279722222222223,0.9848166666666667,0.0,0.62,True,0.91,0.0,True,25,1.0,0.62,50,34.012,406.682,0,2.0,25,False,1000,10
0.50775,0.5082111111111111,0.7005722222222223,0.9974222222222223,0.0,0.596,True,0.903,0.0,True,25,1.0,0.596,49,32.146,377.708,0,2.0,25,False,1000,11
0.49679444444444454,0.50315,0.6749777777777778,0.9994,0.0,0.607,True,0.901,0.0,True,25,1.0,0.607,35,32.468,391.704,0,2.0,25,False,1000,12
0.49802222222222226,0.4883222222222222,0.6152777777777779,0.9944666666666667,0.0,0.621,True,0.907,0.0,True,25,1.0,0.621,40,33.122,407.156,0,2.0,25,False,1000,13
0.5103777777777778,0.5046222222222223,0.6611833333333335,0.9947,0.0,0.607,True,0.908,0.0,True,25,1.0,0.607,45,33.182,390.092,0,2.0,25,False,1000,14
0.4689222222222223,0.4606777777777778,0.6674055555555556,0.9917777777777778,0.0,0.606,True,0.898,0.0,True,25,1.0,0.606,58,32.066,382.832,0,2.0,25,False,1000,15
0.4789166666666667,0.4769222222222222,0.6426444444444445,0.8120111111111111,0.193,0.412,True,0.164,0.026,True,1,1.0,0.412,117,288.284,327.042,5,1.5,5,True,1000,1
0.5176888888888888,0.5103666666666666,0.6862166666666667,0.8215444444444444,0.19,0.424,True,0.191,0.028,True,1,1.0,0.424,124,286.636,334.12,5,1.5,5,True,1000,2
0.47105555555555556,0.47422777777777775,0.6574722222222222,0.8090277777777778,0.189,0.379,True,0.154,0.032,True,1,1.0,0.379,123,286.556,302.726,5,1.5,5,True,1000,3
0.5265833333333334,0.5219388888888888,0.6729999999999999,0.8035222222222222,0.197,0.363,True,0.188,0.038,True,1,1.0,0.363,127,284.175,281.439,5,1.5,5,True,1000,4
0.5025666666666666,0.49802222222222214,0.6386333333333334,0.8003666666666666,0.18,0.415,True,0.171,0.036,True,1,1.0,0.415,125,288.917,321.325,5,1.5,5,True,1000,5
0.5151444444444444,0.5143333333333333,0.6319388888888889,0.8032444444444444,0.174,0.385,True,0.162,0.028,True,1,1.0,0.385,127,278.921,294.279,5,1.5,5,True,1000,6
0.5048277777777778,0.5058999999999999,0.6481833333333336,0.826888888888889,0.175,0.356,True,0.196,0.033,True,1,1.0,0.356,133,284.069,275.815,5,1.5,5,True,1000,7
0.5142666666666666,0.5095777777777778,0.6276555555555555,0.78475,0.182,0.398,True,0.178,0.031,True,1,1.0,0.398,126,280.917,305.945,5,1.5,5,True,1000,8
0.49249999999999994,0.4963388888888889,0.6632,0.7982499999999999,0.196,0.389,True,0.177,0.034,True,1,1.0,0.389,134,301.85,314.224,5,1.5,5,True,1000,9
0.5080388888888889,0.51115,0.6614777777777778,0.7990111111111111,0.173,0.405,True,0.178,0.036,True,1,1.0,0.405,127,285.496,312.368,5,1.5,5,True,1000,10
0.4795722222222222,0.4632444444444445,0.6292333333333334,0.7994666666666668,0.172,0.393,True,0.167,0.038,True,1,1.0,0.393,138,276.331,295.487,5,1.5,5,True,1000,11
0.48282222222222226,0.48964444444444444,0.6649000000000003,0.8293166666666667,0.19,0.394,True,0.158,0.031,True,1,1.0,0.394,108,285.214,304.122,5,1.5,5,True,1000,12
0.45949999999999996,0.4665055555555555,0.6533388888888889,0.8137833333333334,0.188,0.394,True,0.184,0.045,True,1,1.0,0.394,113,287.418,311.9,5,1.5,5,True,1000,13
0.4978833333333333,0.4949611111111111,0.6374111111111113,0.7971277777777779,0.181,0.365,True,0.17,0.037,True,1,1.0,0.365,141,284.585,290.747,5,1.5,5,True,1000,14
0.49069444444444443,0.48794999999999994,0.6807222222222222,0.8393277777777778,0.185,0.378,True,0.199,0.031,True,1,1.0,0.378,141,281.91,292.082,5,1.5,5,True,1000,15
0.524188888888889,0.5224055555555556,0.6545777777777778,0.8729055555555555,0.037,0.412,True,0.266,0.046,True,8,1.0,0.412,117,63.788,228.88,24,1.5,25,True,1000,1
0.4952388888888889,0.5012611111111112,0.6416,0.8708111111111111,0.029,0.424,True,0.307,0.043,True,8,1.0,0.424,124,61.62,234.728,25,1.5,25,True,1000,2
0.5239444444444445,0.5149055555555556,0.6727611111111113,0.8770944444444445,0.035,0.379,True,0.309,0.033,True,8,1.0,0.379,123,62.992,207.376,24,1.5,25,True,1000,3
0.5058111111111111,0.49512222222222224,0.6876944444444445,0.8714333333333333,0.039,0.363,True,0.34,0.045,True,9,1.0,0.363,127,67.637,195.271,25,1.5,25,True,1000,4
0.4923833333333333,0.4892222222222223,0.6337722222222222,0.841661111111111,0.041,0.415,True,0.317,0.032,True,9,1.0,0.415,125,65.531,229.937,25,1.5,25,True,1000,5
0.50345,0.50045,0.645411111111111,0.8752444444444446,0.033,0.385,True,0.241,0.036,True,7,1.0,0.385,127,61.303,204.973,24,1.5,25,True,1000,6
0.5250388888888889,0.5275666666666667,0.669688888888889,0.8623777777777779,0.034,0.356,True,0.344,0.044,True,9,1.0,0.356,133,63.478,188.308,25,1.5,25,True,1000,7
0.47130555555555553,0.4666111111111111,0.6352944444444444,0.82375,0.041,0.398,True,0.265,0.025,True,7,1.0,0.398,126,65.603,217.955,24,1.5,25,True,1000,8
0.5212888888888889,0.5002833333333333,0.6494388888888889,0.8532277777777777,0.038,0.389,True,0.307,0.036,True,8,1.0,0.389,134,65.033,214.039,25,1.5,25,True,1000,9
0.4959944444444444,0.5001222222222222,0.6279722222222223,0.8672388888888888,0.04,0.405,True,0.26,0.028,True,7,1.0,0.405,127,65.872,222.68,25,1.5,25,True,1000,10
0.50775,0.5082111111111111,0.7005722222222223,0.8962666666666668,0.033,0.393,True,0.307,0.037,True,8,1.0,0.393,138,62.071,206.193,25,1.5,25,True,1000,11
0.49679444444444454,0.50315,0.6749777777777778,0.8850777777777777,0.04,0.394,True,0.284,0.043,True,8,1.0,0.394,108,64.752,212.95,25,1.5,25,True,1000,12
0.49802222222222226,0.4883222222222222,0.6152777777777779,0.8423111111111112,0.026,0.394,True,0.381,0.049,True,10,1.0,0.394,113,60.814,212.702,25,1.5,25,True,1000,13
0.5103777777777778,0.5046222222222223,0.6611833333333335,0.8284333333333334,0.035,0.365,True,0.316,0.031,True,9,1.0,0.365,141,64.009,197.413,25,1.5,25,True,1000,14
0.4689222222222223,0.4606777777777778,0.6674055555555556,0.8559055555555556,0.039,0.378,True,0.317,0.039,True,9,1.0,0.378,141,64.093,199.259,25,1.5,25,True,1000,15
0.524188888888889,0.5224055555555556,0.6545777777777778,0.9220333333333334,0.037,0.622,True,0.531,0.033,True,15,1.0,0.622,39,67.108,445.224,22,2.0,25,True,1000,1
0.4952388888888889,0.5012611111111112,0.6416,0.9267666666666666,0.029,0.64,True,0.53,0.034,True,14,1.0,0.64,36,64.098,458.558,22,2.0,25,True,1000,2
0.5239444444444445,0.5149055555555556,0.6727611111111113,0.9301555555555556,0.035,0.614,True,0.491,0.027,True,14,1.0,0.614,43,66.802,440.78,23,2.0,25,True,1000,3
0.5058111111111111,0.49512222222222224,0.6876944444444445,0.9231111111111111,0.039,0.584,True,0.514,0.035,True,14,1.0,0.584,45,72.945,410.291,24,2.0,25,True,1000,4
0.4923833333333333,0.4892222222222223,0.6337722222222222,0.9033500000000001,0.041,0.611,True,0.459,0.028,True,13,1.0,0.611,44,70.785,439.577,24,2.0,25,True,1000,5
0.50345,0.50045,0.645411111111111,0.9173277777777777,0.033,0.622,True,0.492,0.036,True,14,1.0,0.622,43,64.575,434.407,22,2.0,25,True,1000,6
0.5250388888888889,0.5275666666666667,0.669688888888889,0.909461111111111,0.034,0.587,True,0.491,0.027,True,13,1.0,0.587,45,67.517,404.231,21,2.0,25,True,1000,7
0.47130555555555553,0.4666111111111111,0.6352944444444444,0.8929722222222223,0.041,0.61,True,0.492,0.041,True,14,1.0,0.61,38,71.177,438.699,24,2.0,25,True,1000,8
0.5212888888888889,0.5002833333333333,0.6494388888888889,0.9042444444444444,0.038,0.619,True,0.523,0.04,True,14,1.0,0.619,42,69.869,446.437,23,2.0,25,True,1000,9
0.4959944444444444,0.5001222222222222,0.6279722222222223,0.9262,0.04,0.62,True,0.54,0.025,True,14,1.0,0.62,50,70.9,443.57,22,2.0,25,True,1000,10
0.50775,0.5082111111111111,0.7005722222222223,0.9355,0.033,0.596,True,0.548,0.04,True,15,1.0,0.596,49,65.701,411.263,23,2.0,25,True,1000,11
0.49679444444444454,0.50315,0.6749777777777778,0.9295444444444446,0.04,0.607,True,0.495,0.032,True,14,1.0,0.607,35,69.462,428.698,21,2.0,25,True,1000,12
0.49802222222222226,0.4883222222222222,0.6152777777777779,0.9215,0.026,0.621,True,0.518,0.03,True,14,1.0,0.621,40,62.395,436.429,20,2.0,25,True,1000,13
0.5103777777777778,0.5046222222222223,0.6611833333333335,0.9073666666666667,0.035,0.607,True,0.503,0.033,True,14,1.0,0.607,45,68.334,425.244,24,2.0,25,True,1000,14
0.4689222222222223,0.4606777777777778,0.6674055555555556,0.8982722222222224,0.039,0.606,True,0.501,0.03,True,14,1.0,0.606,58,68.217,418.983,24,2.0,25,True,1000,15
