alpha,stacks,adv,n,d_auc,a_auc,c_auc,modal_cov,modal_coll,enr_cov,enr_coll,n_ja4
0.0,1,0,15,0.9759811111111111,0.4952496296296296,0.6557237037037037,0.8402666666666667,0.0,0.8402666666666667,0.0,1.0
1.5,1,0,15,0.996898148148148,0.4952496296296296,0.6557237037037037,0.8402666666666667,0.0,0.8402666666666667,0.0,1.0
1.5,5,0,15,0.9958148148148146,0.4961374074074074,0.6530685185185185,0.0,0.39,0.9003333333333335,0.0,5.0
1.5,25,0,15,0.9788344444444446,0.5027007407407408,0.6558418518518518,0.0,0.39,0.9029999999999999,0.0,25.0
1.5,100,0,15,0.9605633333333333,0.5027007407407408,0.6558418518518518,0.0,0.39,0.8504666666666665,0.0,87.6
2.0,25,0,15,0.9927574074074074,0.5027007407407408,0.6558418518518518,0.0,0.6110666666666666,0.9029999999999999,0.00046666666666666666,25.066666666666666
1.5,5,1,15,0.809175925925926,0.4961374074074074,0.6530685185185185,0.18433333333333335,0.39,0.1758,0.0336,1.0
1.5,25,1,15,0.8615825925925925,0.5027007407407408,0.6558418518518518,0.036000000000000004,0.39,0.30406666666666665,0.03779999999999999,8.266666666666667
2.0,25,1,15,0.9165203703703704,0.5027007407407408,0.6558418518518518,0.036000000000000004,0.6110666666666666,0.5085333333333334,0.03273333333333334,14.0
