mode,seed,stack,name,profile_count,in_profile,attackers,benign_sessions,named_enrichment,named_unseen
shared_profile_tail,1,0,benign_ja4_202,1,True,37,0,True,False
shared_profile_tail,1,1,benign_ja4_677,1,True,28,0,True,False
shared_profile_tail,1,2,benign_ja4_11,9,True,38,10,False,False
shared_profile_tail,1,3,benign_ja4_344,1,True,40,0,True,False
shared_profile_tail,1,4,benign_ja4_26,3,True,39,2,True,False
shared_profile_tail,1,5,benign_ja4_183,1,True,48,0,True,False
shared_profile_tail,1,6,benign_ja4_248,1,True,35,0,True,False
shared_profile_tail,1,7,benign_ja4_79,2,True,43,1,True,False
shared_profile_tail,1,8,benign_ja4_32,1,True,37,2,True,False
shared_profile_tail,1,9,benign_ja4_33,1,True,36,1,True,False
shared_profile_tail,1,10,benign_ja4_628,1,True,36,0,True,False
shared_profile_tail,1,11,benign_ja4_28,2,True,48,2,True,False
shared_profile_tail,1,12,benign_ja4_129,1,True,40,0,True,False
shared_profile_tail,1,13,benign_ja4_44,2,True,36,0,True,False
shared_profile_tail,1,14,benign_ja4_374,1,True,31,0,True,False
shared_profile_tail,1,15,benign_ja4_162,1,True,33,0,True,False
shared_profile_tail,1,16,benign_ja4_150,1,True,36,1,True,False
shared_profile_tail,1,17,benign_ja4_54,1,True,37,1,True,False
shared_profile_tail,1,18,benign_ja4_64,1,True,18,1,True,False
shared_profile_tail,1,19,benign_ja4_241,1,True,36,0,True,False
shared_profile_tail,1,20,benign_ja4_77,1,True,29,1,True,False
shared_profile_tail,1,21,benign_ja4_140,1,True,32,0,True,False
shared_profile_tail,1,22,benign_ja4_15,4,True,24,10,True,False
shared_profile_tail,1,23,benign_ja4_611,1,True,44,0,True,False
shared_profile_tail,1,24,benign_ja4_41,2,True,33,0,True,False
shared_vocab_tail,1,0,benign_ja4_1881,0,False,37,0,True,True
shared_vocab_tail,1,1,benign_ja4_1675,0,False,28,0,True,True
shared_vocab_tail,1,2,benign_ja4_78,2,True,38,0,True,False
shared_vocab_tail,1,3,benign_ja4_1982,0,False,40,0,True,True
shared_vocab_tail,1,4,benign_ja4_294,0,False,39,0,True,True
shared_vocab_tail,1,5,benign_ja4_1080,0,False,48,0,True,True
shared_vocab_tail,1,6,benign_ja4_1016,0,False,35,0,True,True
shared_vocab_tail,1,7,benign_ja4_625,0,False,43,0,True,True
shared_vocab_tail,1,8,benign_ja4_846,0,False,37,0,True,True
shared_vocab_tail,1,9,benign_ja4_940,0,False,36,0,True,True
shared_vocab_tail,1,10,benign_ja4_1648,0,False,36,0,True,True
shared_vocab_tail,1,11,benign_ja4_518,0,False,48,0,True,True
shared_vocab_tail,1,12,benign_ja4_1286,0,False,40,0,True,True
shared_vocab_tail,1,13,benign_ja4_550,0,False,36,0,True,True
shared_vocab_tail,1,14,benign_ja4_820,0,False,31,0,True,True
shared_vocab_tail,1,15,benign_ja4_1729,0,False,33,0,True,True
shared_vocab_tail,1,16,benign_ja4_64,1,True,36,1,True,False
shared_vocab_tail,1,17,benign_ja4_1099,0,False,37,0,True,True
shared_vocab_tail,1,18,benign_ja4_1636,0,False,18,0,True,True
shared_vocab_tail,1,19,benign_ja4_1507,0,False,36,0,True,True
shared_vocab_tail,1,20,benign_ja4_1632,0,False,29,0,True,True
shared_vocab_tail,1,21,benign_ja4_1496,0,False,32,0,True,True
shared_vocab_tail,1,22,benign_ja4_180,0,False,24,1,True,True
shared_vocab_tail,1,23,benign_ja4_1727,0,False,44,0,True,True
shared_vocab_tail,1,24,benign_ja4_501,0,False,33,0,True,True
shared_profile_tail,2,0,benign_ja4_1004,1,True,29,0,True,False
shared_profile_tail,2,1,benign_ja4_41,2,True,43,2,True,False
shared_profile_tail,2,2,benign_ja4_205,1,True,32,1,True,False
shared_profile_tail,2,3,benign_ja4_136,1,True,41,0,True,False
shared_profile_tail,2,4,benign_ja4_88,2,True,37,0,True,False
shared_profile_tail,2,5,benign_ja4_39,4,True,35,3,True,False
shared_profile_tail,2,6,benign_ja4_249,1,True,38,0,True,False
shared_profile_tail,2,7,benign_ja4_122,1,True,33,1,True,False
shared_profile_tail,2,8,benign_ja4_443,1,True,28,0,True,False
shared_profile_tail,2,9,benign_ja4_44,2,True,40,2,True,False
shared_profile_tail,2,10,benign_ja4_23,4,True,46,2,True,False
shared_profile_tail,2,11,benign_ja4_55,1,True,27,0,True,False
shared_profile_tail,2,12,benign_ja4_246,1,True,35,0,True,False
shared_profile_tail,2,13,benign_ja4_81,1,True,35,0,True,False
shared_profile_tail,2,14,benign_ja4_628,1,True,46,0,True,False
shared_profile_tail,2,15,benign_ja4_52,3,True,34,1,True,False
shared_profile_tail,2,16,benign_ja4_53,2,True,30,1,True,False
shared_profile_tail,2,17,benign_ja4_35,3,True,36,1,True,False
shared_profile_tail,2,18,benign_ja4_235,1,True,29,0,True,False
shared_profile_tail,2,19,benign_ja4_908,1,True,40,0,True,False
shared_profile_tail,2,20,benign_ja4_68,2,True,36,1,True,False
shared_profile_tail,2,21,benign_ja4_78,2,True,42,2,True,False
shared_profile_tail,2,22,benign_ja4_18,6,True,29,2,False,False
shared_profile_tail,2,23,benign_ja4_86,1,True,46,0,True,False
shared_profile_tail,2,24,benign_ja4_337,1,True,41,0,True,False
shared_vocab_tail,2,0,benign_ja4_1450,0,False,29,0,True,True
shared_vocab_tail,2,1,benign_ja4_524,0,False,43,0,True,True
shared_vocab_tail,2,2,benign_ja4_1752,0,False,32,0,True,True
shared_vocab_tail,2,3,benign_ja4_899,0,False,41,0,True,True
shared_vocab_tail,2,4,benign_ja4_409,0,False,37,0,True,True
shared_vocab_tail,2,5,benign_ja4_191,0,False,35,0,True,True
shared_vocab_tail,2,6,benign_ja4_1127,0,False,38,0,True,True
shared_vocab_tail,2,7,benign_ja4_1315,0,False,33,0,True,True
shared_vocab_tail,2,8,benign_ja4_1195,0,False,28,0,True,True
shared_vocab_tail,2,9,benign_ja4_597,0,False,40,0,True,True
shared_vocab_tail,2,10,benign_ja4_225,0,False,46,0,True,True
shared_vocab_tail,2,11,benign_ja4_1656,0,False,27,0,True,True
shared_vocab_tail,2,12,benign_ja4_527,0,False,35,0,True,True
shared_vocab_tail,2,13,benign_ja4_1614,0,False,35,0,True,True
shared_vocab_tail,2,14,benign_ja4_1500,0,False,46,0,True,True
shared_vocab_tail,2,15,benign_ja4_381,0,False,34,0,True,True
shared_vocab_tail,2,16,benign_ja4_555,0,False,30,0,True,True
shared_vocab_tail,2,17,benign_ja4_308,0,False,36,0,True,True
shared_vocab_tail,2,18,benign_ja4_1973,0,False,29,0,True,True
shared_vocab_tail,2,19,benign_ja4_825,0,False,40,0,True,True
shared_vocab_tail,2,20,benign_ja4_671,0,False,36,0,True,True
shared_vocab_tail,2,21,benign_ja4_617,0,False,42,0,True,True
shared_vocab_tail,2,22,benign_ja4_119,0,False,29,0,True,True
shared_vocab_tail,2,23,benign_ja4_1116,0,False,46,0,True,True
shared_vocab_tail,2,24,benign_ja4_1616,0,False,41,0,True,True
shared_profile_tail,3,0,benign_ja4_29,1,True,35,1,True,False
shared_profile_tail,3,1,benign_ja4_35,3,True,41,3,True,False
shared_profile_tail,3,2,benign_ja4_136,1,True,37,2,True,False
shared_profile_tail,3,3,benign_ja4_492,1,True,37,0,True,False
shared_profile_tail,3,4,benign_ja4_13,5,True,42,9,True,False
shared_profile_tail,3,5,benign_ja4_34,3,True,37,2,True,False
shared_profile_tail,3,6,benign_ja4_507,1,True,33,0,True,False
shared_profile_tail,3,7,benign_ja4_21,7,True,24,4,False,False
shared_profile_tail,3,8,benign_ja4_1004,1,True,38,0,True,False
shared_profile_tail,3,9,benign_ja4_1868,1,True,37,0,True,False
shared_profile_tail,3,10,benign_ja4_33,1,True,24,4,True,False
shared_profile_tail,3,11,benign_ja4_248,1,True,38,0,True,False
shared_profile_tail,3,12,benign_ja4_67,1,True,37,0,True,False
shared_profile_tail,3,13,benign_ja4_478,1,True,36,0,True,False
shared_profile_tail,3,14,benign_ja4_15,4,True,35,6,True,False
shared_profile_tail,3,15,benign_ja4_515,1,True,41,0,True,False
shared_profile_tail,3,16,benign_ja4_85,1,True,30,0,True,False
shared_profile_tail,3,17,benign_ja4_28,2,True,28,1,True,False
shared_profile_tail,3,18,benign_ja4_11,9,True,33,8,False,False
shared_profile_tail,3,19,benign_ja4_169,1,True,44,0,True,False
shared_profile_tail,3,20,benign_ja4_54,1,True,34,0,True,False
shared_profile_tail,3,21,benign_ja4_70,2,True,30,1,True,False
shared_profile_tail,3,22,benign_ja4_98,1,True,46,0,True,False
shared_profile_tail,3,23,benign_ja4_374,1,True,31,0,True,False
shared_profile_tail,3,24,benign_ja4_78,2,True,42,0,True,False
shared_vocab_tail,3,0,benign_ja4_1380,0,False,35,0,True,True
shared_vocab_tail,3,1,benign_ja4_363,0,False,41,0,True,True
shared_vocab_tail,3,2,benign_ja4_866,0,False,37,0,True,True
shared_vocab_tail,3,3,benign_ja4_1158,0,False,37,0,True,True
shared_vocab_tail,3,4,benign_ja4_178,0,False,42,0,True,True
shared_vocab_tail,3,5,benign_ja4_235,1,True,37,1,True,False
shared_vocab_tail,3,6,benign_ja4_1724,0,False,33,0,True,True
shared_vocab_tail,3,7,benign_ja4_87,0,False,24,0,True,True
shared_vocab_tail,3,8,benign_ja4_1605,0,False,38,0,True,True
shared_vocab_tail,3,9,benign_ja4_1238,0,False,37,0,True,True
shared_vocab_tail,3,10,benign_ja4_787,0,False,24,0,True,True
shared_vocab_tail,3,11,benign_ja4_846,0,False,38,0,True,True
shared_vocab_tail,3,12,benign_ja4_1774,0,False,37,0,True,True
shared_vocab_tail,3,13,benign_ja4_1466,0,False,36,0,True,True
shared_vocab_tail,3,14,benign_ja4_195,0,False,35,0,True,True
shared_vocab_tail,3,15,benign_ja4_1589,0,False,41,0,True,True
shared_vocab_tail,3,16,benign_ja4_367,0,False,30,0,True,True
shared_vocab_tail,3,17,benign_ja4_534,0,False,28,0,True,True
shared_vocab_tail,3,18,benign_ja4_74,0,False,33,2,True,True
shared_vocab_tail,3,19,benign_ja4_907,0,False,44,0,True,True
shared_vocab_tail,3,20,benign_ja4_1037,0,False,34,0,True,True
shared_vocab_tail,3,21,benign_ja4_476,0,False,30,0,True,True
shared_vocab_tail,3,22,benign_ja4_958,0,False,46,0,True,True
shared_vocab_tail,3,23,benign_ja4_326,0,False,31,1,True,True
shared_vocab_tail,3,24,benign_ja4_666,0,False,42,0,True,True
shared_profile_tail,4,0,benign_ja4_171,1,True,39,0,True,False
shared_profile_tail,4,1,benign_ja4_209,1,True,50,0,True,False
shared_profile_tail,4,2,benign_ja4_202,1,True,42,0,True,False
shared_profile_tail,4,3,benign_ja4_293,1,True,39,0,True,False
shared_profile_tail,4,4,benign_ja4_443,1,True,22,0,True,False
shared_profile_tail,4,5,benign_ja4_611,1,True,36,0,True,False
shared_profile_tail,4,6,benign_ja4_31,1,True,29,3,True,False
shared_profile_tail,4,7,benign_ja4_71,3,True,45,2,True,False
shared_profile_tail,4,8,benign_ja4_235,1,True,44,0,True,False
shared_profile_tail,4,9,benign_ja4_146,1,True,31,0,True,False
shared_profile_tail,4,10,benign_ja4_101,1,True,30,0,True,False
shared_profile_tail,4,11,benign_ja4_677,1,True,25,0,True,False
shared_profile_tail,4,12,benign_ja4_124,1,True,41,0,True,False
shared_profile_tail,4,13,benign_ja4_84,1,True,35,0,True,False
shared_profile_tail,4,14,benign_ja4_187,1,True,35,0,True,False
shared_profile_tail,4,15,benign_ja4_183,1,True,27,0,True,False
shared_profile_tail,4,16,benign_ja4_122,1,True,41,0,True,False
shared_profile_tail,4,17,benign_ja4_75,1,True,35,1,True,False
shared_profile_tail,4,18,benign_ja4_13,5,True,40,9,True,False
shared_profile_tail,4,19,benign_ja4_14,5,True,45,7,True,False
shared_profile_tail,4,20,benign_ja4_90,1,True,44,0,True,False
shared_profile_tail,4,21,benign_ja4_955,1,True,27,0,True,False
shared_profile_tail,4,22,benign_ja4_25,2,True,43,3,True,False
shared_profile_tail,4,23,benign_ja4_30,1,True,35,0,True,False
shared_profile_tail,4,24,benign_ja4_44,2,True,36,0,True,False
shared_vocab_tail,4,0,benign_ja4_1250,0,False,39,0,True,True
shared_vocab_tail,4,1,benign_ja4_754,0,False,50,0,True,True
shared_vocab_tail,4,2,benign_ja4_1862,0,False,42,0,True,True
shared_vocab_tail,4,3,benign_ja4_1438,0,False,39,1,True,True
shared_vocab_tail,4,4,benign_ja4_1089,0,False,22,0,True,True
shared_vocab_tail,4,5,benign_ja4_1864,0,False,36,0,True,True
shared_vocab_tail,4,6,benign_ja4_1160,0,False,29,0,True,True
shared_vocab_tail,4,7,benign_ja4_355,0,False,45,0,True,True
shared_vocab_tail,4,8,benign_ja4_1796,0,False,44,0,True,True
shared_vocab_tail,4,9,benign_ja4_959,0,False,31,0,True,True
shared_vocab_tail,4,10,benign_ja4_1923,0,False,30,0,True,True
shared_vocab_tail,4,11,benign_ja4_1934,0,False,25,0,True,True
shared_vocab_tail,4,12,benign_ja4_1744,0,False,41,0,True,True
shared_vocab_tail,4,13,benign_ja4_905,0,False,35,0,True,True
shared_vocab_tail,4,14,benign_ja4_1738,0,False,35,0,True,True
shared_vocab_tail,4,15,benign_ja4_1209,0,False,27,0,True,True
shared_vocab_tail,4,16,benign_ja4_1349,0,False,41,0,True,True
shared_vocab_tail,4,17,benign_ja4_1596,0,False,35,0,True,True
shared_vocab_tail,4,18,benign_ja4_169,1,True,40,0,True,False
shared_vocab_tail,4,19,benign_ja4_130,1,True,45,0,True,False
shared_vocab_tail,4,20,benign_ja4_681,0,False,44,0,True,True
shared_vocab_tail,4,21,benign_ja4_1802,0,False,27,0,True,True
shared_vocab_tail,4,22,benign_ja4_445,0,False,43,0,True,True
shared_vocab_tail,4,23,benign_ja4_1016,0,False,35,0,True,True
shared_vocab_tail,4,24,benign_ja4_569,0,False,36,0,True,True
shared_profile_tail,5,0,benign_ja4_36,3,True,41,0,True,False
shared_profile_tail,5,1,benign_ja4_54,1,True,43,0,True,False
shared_profile_tail,5,2,benign_ja4_117,1,True,30,0,True,False
shared_profile_tail,5,3,benign_ja4_150,1,True,37,1,True,False
shared_profile_tail,5,4,benign_ja4_84,1,True,42,1,True,False
shared_profile_tail,5,5,benign_ja4_187,1,True,34,0,True,False
shared_profile_tail,5,6,benign_ja4_1004,1,True,39,0,True,False
shared_profile_tail,5,7,benign_ja4_908,1,True,27,0,True,False
shared_profile_tail,5,8,benign_ja4_98,1,True,47,0,True,False
shared_profile_tail,5,9,benign_ja4_82,1,True,34,0,True,False
shared_profile_tail,5,10,benign_ja4_199,1,True,43,0,True,False
shared_profile_tail,5,11,benign_ja4_26,3,True,32,4,True,False
shared_profile_tail,5,12,benign_ja4_97,1,True,30,0,True,False
shared_profile_tail,5,13,benign_ja4_16,7,True,35,2,False,False
shared_profile_tail,5,14,benign_ja4_44,2,True,34,1,True,False
shared_profile_tail,5,15,benign_ja4_46,2,True,31,1,True,False
shared_profile_tail,5,16,benign_ja4_22,2,True,38,2,True,False
shared_profile_tail,5,17,benign_ja4_17,11,True,31,8,False,False
shared_profile_tail,5,18,benign_ja4_8,13,True,42,16,False,False
shared_profile_tail,5,19,benign_ja4_374,1,True,31,0,True,False
shared_profile_tail,5,20,benign_ja4_20,3,True,40,3,True,False
shared_profile_tail,5,21,benign_ja4_55,1,True,30,1,True,False
shared_profile_tail,5,22,benign_ja4_241,1,True,36,0,True,False
shared_profile_tail,5,23,benign_ja4_101,1,True,29,0,True,False
shared_profile_tail,5,24,benign_ja4_955,1,True,39,0,True,False
shared_vocab_tail,5,0,benign_ja4_389,0,False,41,0,True,True
shared_vocab_tail,5,1,benign_ja4_1139,0,False,43,0,True,True
shared_vocab_tail,5,2,benign_ja4_1306,0,False,30,0,True,True
shared_vocab_tail,5,3,benign_ja4_1993,0,False,37,0,True,True
shared_vocab_tail,5,4,benign_ja4_933,0,False,42,0,True,True
shared_vocab_tail,5,5,benign_ja4_106,0,False,34,0,True,True
shared_vocab_tail,5,6,benign_ja4_1593,0,False,39,0,True,True
shared_vocab_tail,5,7,benign_ja4_767,0,False,27,0,True,True
shared_vocab_tail,5,8,benign_ja4_1025,0,False,47,0,True,True
shared_vocab_tail,5,9,benign_ja4_818,0,False,34,0,True,True
shared_vocab_tail,5,10,benign_ja4_1328,0,False,43,0,True,True
shared_vocab_tail,5,11,benign_ja4_269,0,False,32,0,True,True
shared_vocab_tail,5,12,benign_ja4_1943,0,False,30,0,True,True
shared_vocab_tail,5,13,benign_ja4_116,0,False,35,0,True,True
shared_vocab_tail,5,14,benign_ja4_573,0,False,34,0,True,True
shared_vocab_tail,5,15,benign_ja4_571,0,False,31,0,True,True
shared_vocab_tail,5,16,benign_ja4_476,0,False,38,0,True,True
shared_vocab_tail,5,17,benign_ja4_54,1,True,31,0,True,False
shared_vocab_tail,5,18,benign_ja4_12,11,True,42,5,False,False
shared_vocab_tail,5,19,benign_ja4_99,0,False,31,0,True,True
shared_vocab_tail,5,20,benign_ja4_305,0,False,40,1,True,True
shared_vocab_tail,5,21,benign_ja4_1600,0,False,30,0,True,True
shared_vocab_tail,5,22,benign_ja4_1501,0,False,36,0,True,True
shared_vocab_tail,5,23,benign_ja4_1252,0,False,29,0,True,True
shared_vocab_tail,5,24,benign_ja4_559,0,False,39,0,True,True
shared_profile_tail,6,0,benign_ja4_18,6,True,33,4,False,False
shared_profile_tail,6,1,benign_ja4_42,1,True,36,1,True,False
shared_profile_tail,6,2,benign_ja4_98,1,True,41,0,True,False
shared_profile_tail,6,3,benign_ja4_76,1,True,39,1,True,False
shared_profile_tail,6,4,benign_ja4_47,1,True,34,3,True,False
shared_profile_tail,6,5,benign_ja4_24,3,True,34,1,True,False
shared_profile_tail,6,6,benign_ja4_122,1,True,39,2,True,False
shared_profile_tail,6,7,benign_ja4_171,1,True,23,0,True,False
shared_profile_tail,6,8,benign_ja4_97,1,True,44,1,True,False
shared_profile_tail,6,9,benign_ja4_38,2,True,38,2,True,False
shared_profile_tail,6,10,benign_ja4_26,3,True,33,4,True,False
shared_profile_tail,6,11,benign_ja4_84,1,True,44,0,True,False
shared_profile_tail,6,12,benign_ja4_32,1,True,34,2,True,False
shared_profile_tail,6,13,benign_ja4_138,2,True,34,1,True,False
shared_profile_tail,6,14,benign_ja4_68,2,True,29,2,True,False
shared_profile_tail,6,15,benign_ja4_190,1,True,29,0,True,False
shared_profile_tail,6,16,benign_ja4_101,1,True,34,0,True,False
shared_profile_tail,6,17,benign_ja4_30,1,True,34,2,True,False
shared_profile_tail,6,18,benign_ja4_478,1,True,37,0,True,False
shared_profile_tail,6,19,benign_ja4_43,2,True,41,0,True,False
shared_profile_tail,6,20,benign_ja4_117,1,True,34,0,True,False
shared_profile_tail,6,21,benign_ja4_136,1,True,41,0,True,False
shared_profile_tail,6,22,benign_ja4_67,1,True,33,1,True,False
shared_profile_tail,6,23,benign_ja4_162,1,True,42,0,True,False
shared_profile_tail,6,24,benign_ja4_58,1,True,33,0,True,False
shared_vocab_tail,6,0,benign_ja4_112,0,False,33,0,True,True
shared_vocab_tail,6,1,benign_ja4_906,0,False,36,0,True,True
shared_vocab_tail,6,2,benign_ja4_1068,0,False,41,0,True,True
shared_vocab_tail,6,3,benign_ja4_1236,0,False,39,0,True,True
shared_vocab_tail,6,4,benign_ja4_1344,0,False,34,0,True,True
shared_vocab_tail,6,5,benign_ja4_378,0,False,34,0,True,True
shared_vocab_tail,6,6,benign_ja4_1342,0,False,39,0,True,True
shared_vocab_tail,6,7,benign_ja4_1307,0,False,23,0,True,True
shared_vocab_tail,6,8,benign_ja4_1960,0,False,44,0,True,True
shared_vocab_tail,6,9,benign_ja4_737,0,False,38,0,True,True
shared_vocab_tail,6,10,benign_ja4_254,0,False,33,0,True,True
shared_vocab_tail,6,11,benign_ja4_898,0,False,44,0,True,True
shared_vocab_tail,6,12,benign_ja4_1260,0,False,34,0,True,True
shared_vocab_tail,6,13,benign_ja4_748,0,False,34,0,True,True
shared_vocab_tail,6,14,benign_ja4_685,0,False,29,0,True,True
shared_vocab_tail,6,15,benign_ja4_1873,0,False,29,0,True,True
shared_vocab_tail,6,16,benign_ja4_1694,0,False,34,1,True,True
shared_vocab_tail,6,17,benign_ja4_1028,0,False,34,0,True,True
shared_vocab_tail,6,18,benign_ja4_1506,0,False,37,0,True,True
shared_vocab_tail,6,19,benign_ja4_663,0,False,41,0,True,True
shared_vocab_tail,6,20,benign_ja4_1358,0,False,34,0,True,True
shared_vocab_tail,6,21,benign_ja4_854,0,False,41,0,True,True
shared_vocab_tail,6,22,benign_ja4_1771,0,False,33,0,True,True
shared_vocab_tail,6,23,benign_ja4_1701,0,False,42,0,True,True
shared_vocab_tail,6,24,benign_ja4_884,0,False,33,1,True,True
shared_profile_tail,7,0,benign_ja4_88,2,True,34,0,True,False
shared_profile_tail,7,1,benign_ja4_171,1,True,38,0,True,False
shared_profile_tail,7,2,benign_ja4_8,13,True,38,22,False,False
shared_profile_tail,7,3,benign_ja4_1179,1,True,42,0,True,False
shared_profile_tail,7,4,benign_ja4_507,1,True,30,0,True,False
shared_profile_tail,7,5,benign_ja4_1004,1,True,35,0,True,False
shared_profile_tail,7,6,benign_ja4_374,1,True,41,0,True,False
shared_profile_tail,7,7,benign_ja4_337,1,True,43,0,True,False
shared_profile_tail,7,8,benign_ja4_185,1,True,28,0,True,False
shared_profile_tail,7,9,benign_ja4_27,1,True,29,4,True,False
shared_profile_tail,7,10,benign_ja4_34,3,True,34,4,True,False
shared_profile_tail,7,11,benign_ja4_743,1,True,36,0,True,False
shared_profile_tail,7,12,benign_ja4_16,7,True,34,7,False,False
shared_profile_tail,7,13,benign_ja4_628,1,True,30,0,True,False
shared_profile_tail,7,14,benign_ja4_392,1,True,49,0,True,False
shared_profile_tail,7,15,benign_ja4_677,1,True,41,0,True,False
shared_profile_tail,7,16,benign_ja4_37,3,True,45,5,True,False
shared_profile_tail,7,17,benign_ja4_40,2,True,37,4,True,False
shared_profile_tail,7,18,benign_ja4_190,1,True,35,0,True,False
shared_profile_tail,7,19,benign_ja4_202,1,True,37,0,True,False
shared_profile_tail,7,20,benign_ja4_78,2,True,31,1,True,False
shared_profile_tail,7,21,benign_ja4_209,1,True,41,0,True,False
shared_profile_tail,7,22,benign_ja4_53,2,True,28,1,True,False
shared_profile_tail,7,23,benign_ja4_79,2,True,42,0,True,False
shared_profile_tail,7,24,benign_ja4_356,1,True,41,0,True,False
shared_vocab_tail,7,0,benign_ja4_454,0,False,34,0,True,True
shared_vocab_tail,7,1,benign_ja4_1356,0,False,38,0,True,True
shared_vocab_tail,7,2,benign_ja4_20,3,True,38,3,True,False
shared_vocab_tail,7,3,benign_ja4_1867,0,False,42,0,True,True
shared_vocab_tail,7,4,benign_ja4_1776,0,False,30,0,True,True
shared_vocab_tail,7,5,benign_ja4_1538,0,False,35,0,True,True
shared_vocab_tail,7,6,benign_ja4_1636,0,False,41,0,True,True
shared_vocab_tail,7,7,benign_ja4_1441,0,False,43,0,True,True
shared_vocab_tail,7,8,benign_ja4_1239,0,False,28,0,True,True
shared_vocab_tail,7,9,benign_ja4_999,0,False,29,0,True,True
shared_vocab_tail,7,10,benign_ja4_246,1,True,34,0,True,False
shared_vocab_tail,7,11,benign_ja4_1149,0,False,36,0,True,True
shared_vocab_tail,7,12,benign_ja4_119,0,False,34,1,True,True
shared_vocab_tail,7,13,benign_ja4_1590,0,False,30,0,True,True
shared_vocab_tail,7,14,benign_ja4_938,0,False,49,0,True,True
shared_vocab_tail,7,15,benign_ja4_1815,0,False,41,0,True,True
shared_vocab_tail,7,16,benign_ja4_270,0,False,45,0,True,True
shared_vocab_tail,7,17,benign_ja4_602,0,False,37,0,True,True
shared_vocab_tail,7,18,benign_ja4_1631,0,False,35,0,True,True
shared_vocab_tail,7,19,benign_ja4_1737,0,False,37,0,True,True
shared_vocab_tail,7,20,benign_ja4_612,0,False,31,0,True,True
shared_vocab_tail,7,21,benign_ja4_689,0,False,41,0,True,True
shared_vocab_tail,7,22,benign_ja4_573,0,False,28,0,True,True
shared_vocab_tail,7,23,benign_ja4_563,0,False,42,0,True,True
shared_vocab_tail,7,24,benign_ja4_1653,0,False,41,0,True,True
shared_profile_tail,8,0,benign_ja4_88,2,True,41,0,True,False
shared_profile_tail,8,1,benign_ja4_79,2,True,46,0,True,False
shared_profile_tail,8,2,benign_ja4_53,2,True,37,2,True,False
shared_profile_tail,8,3,benign_ja4_344,1,True,44,1,True,False
shared_profile_tail,8,4,benign_ja4_807,1,True,39,0,True,False
shared_profile_tail,8,5,benign_ja4_16,7,True,37,7,False,False
shared_profile_tail,8,6,benign_ja4_40,2,True,30,0,True,False
shared_profile_tail,8,7,benign_ja4_155,1,True,25,1,True,False
shared_profile_tail,8,8,benign_ja4_31,1,True,35,1,True,False
shared_profile_tail,8,9,benign_ja4_86,1,True,47,2,True,False
shared_profile_tail,8,10,benign_ja4_54,1,True,36,0,True,False
shared_profile_tail,8,11,benign_ja4_22,2,True,30,4,True,False
shared_profile_tail,8,12,benign_ja4_908,1,True,32,0,True,False
shared_profile_tail,8,13,benign_ja4_249,1,True,23,0,True,False
shared_profile_tail,8,14,benign_ja4_42,1,True,39,1,True,False
shared_profile_tail,8,15,benign_ja4_515,1,True,46,0,True,False
shared_profile_tail,8,16,benign_ja4_85,1,True,36,0,True,False
shared_profile_tail,8,17,benign_ja4_293,1,True,34,0,True,False
shared_profile_tail,8,18,benign_ja4_1868,1,True,26,0,True,False
shared_profile_tail,8,19,benign_ja4_21,7,True,43,1,False,False
shared_profile_tail,8,20,benign_ja4_19,3,True,36,4,True,False
shared_profile_tail,8,21,benign_ja4_27,1,True,25,2,True,False
shared_profile_tail,8,22,benign_ja4_20,3,True,33,3,True,False
shared_profile_tail,8,23,benign_ja4_1179,1,True,29,0,True,False
shared_profile_tail,8,24,benign_ja4_35,3,True,39,1,True,False
shared_vocab_tail,8,0,benign_ja4_471,0,False,41,1,True,True
shared_vocab_tail,8,1,benign_ja4_638,0,False,46,0,True,True
shared_vocab_tail,8,2,benign_ja4_521,0,False,37,0,True,True
shared_vocab_tail,8,3,benign_ja4_1953,0,False,44,0,True,True
shared_vocab_tail,8,4,benign_ja4_876,0,False,39,0,True,True
shared_vocab_tail,8,5,benign_ja4_105,0,False,37,0,True,True
shared_vocab_tail,8,6,benign_ja4_653,0,False,30,0,True,True
shared_vocab_tail,8,7,benign_ja4_783,0,False,25,0,True,True
shared_vocab_tail,8,8,benign_ja4_779,0,False,35,0,True,True
shared_vocab_tail,8,9,benign_ja4_1912,0,False,47,0,True,True
shared_vocab_tail,8,10,benign_ja4_1144,0,False,36,0,True,True
shared_vocab_tail,8,11,benign_ja4_489,0,False,30,0,True,True
shared_vocab_tail,8,12,benign_ja4_748,0,False,32,1,True,True
shared_vocab_tail,8,13,benign_ja4_1277,0,False,23,0,True,True
shared_vocab_tail,8,14,benign_ja4_1086,0,False,39,0,True,True
shared_vocab_tail,8,15,benign_ja4_1565,0,False,46,0,True,True
shared_vocab_tail,8,16,benign_ja4_1697,0,False,36,0,True,True
shared_vocab_tail,8,17,benign_ja4_1424,0,False,34,0,True,True
shared_vocab_tail,8,18,benign_ja4_1272,0,False,26,0,True,True
shared_vocab_tail,8,19,benign_ja4_89,0,False,43,0,True,True
shared_vocab_tail,8,20,benign_ja4_222,0,False,36,0,True,True
shared_vocab_tail,8,21,benign_ja4_960,0,False,25,0,True,True
shared_vocab_tail,8,22,benign_ja4_294,0,False,33,1,True,True
shared_vocab_tail,8,23,benign_ja4_1728,0,False,29,0,True,True
shared_vocab_tail,8,24,benign_ja4_356,1,True,39,0,True,False
shared_profile_tail,9,0,benign_ja4_356,1,True,38,1,True,False
shared_profile_tail,9,1,benign_ja4_55,1,True,40,1,True,False
shared_profile_tail,9,2,benign_ja4_1179,1,True,36,0,True,False
shared_profile_tail,9,3,benign_ja4_64,1,True,34,0,True,False
shared_profile_tail,9,4,benign_ja4_23,4,True,40,3,True,False
shared_profile_tail,9,5,benign_ja4_344,1,True,34,0,True,False
shared_profile_tail,9,6,benign_ja4_12,11,True,26,5,False,False
shared_profile_tail,9,7,benign_ja4_85,1,True,38,1,True,False
shared_profile_tail,9,8,benign_ja4_190,1,True,30,0,True,False
shared_profile_tail,9,9,benign_ja4_122,1,True,37,0,True,False
shared_profile_tail,9,10,benign_ja4_1868,1,True,35,0,True,False
shared_profile_tail,9,11,benign_ja4_32,1,True,37,0,True,False
shared_profile_tail,9,12,benign_ja4_14,5,True,39,3,True,False
shared_profile_tail,9,13,benign_ja4_202,1,True,28,1,True,False
shared_profile_tail,9,14,benign_ja4_205,1,True,33,0,True,False
shared_profile_tail,9,15,benign_ja4_101,1,True,42,1,True,False
shared_profile_tail,9,16,benign_ja4_185,1,True,42,1,True,False
shared_profile_tail,9,17,benign_ja4_11,9,True,31,7,False,False
shared_profile_tail,9,18,benign_ja4_51,1,True,39,1,True,False
shared_profile_tail,9,19,benign_ja4_146,1,True,38,0,True,False
shared_profile_tail,9,20,benign_ja4_124,1,True,38,0,True,False
shared_profile_tail,9,21,benign_ja4_143,1,True,43,0,True,False
shared_profile_tail,9,22,benign_ja4_248,1,True,35,0,True,False
shared_profile_tail,9,23,benign_ja4_28,2,True,46,1,True,False
shared_profile_tail,9,24,benign_ja4_209,1,True,36,0,True,False
shared_vocab_tail,9,0,benign_ja4_1721,0,False,38,0,True,True
shared_vocab_tail,9,1,benign_ja4_1544,0,False,40,0,True,True
shared_vocab_tail,9,2,benign_ja4_1592,0,False,36,0,True,True
shared_vocab_tail,9,3,benign_ja4_1350,0,False,34,0,True,True
shared_vocab_tail,9,4,benign_ja4_235,1,True,40,0,True,False
shared_vocab_tail,9,5,benign_ja4_1819,0,False,34,0,True,True
shared_vocab_tail,9,6,benign_ja4_35,3,True,26,0,True,False
shared_vocab_tail,9,7,benign_ja4_1842,0,False,38,0,True,True
shared_vocab_tail,9,8,benign_ja4_1901,0,False,30,0,True,True
shared_vocab_tail,9,9,benign_ja4_1424,0,False,37,0,True,True
shared_vocab_tail,9,10,benign_ja4_1278,0,False,35,0,True,True
shared_vocab_tail,9,11,benign_ja4_1802,0,False,37,0,True,True
shared_vocab_tail,9,12,benign_ja4_139,0,False,39,1,True,True
shared_vocab_tail,9,13,benign_ja4_1712,0,False,28,0,True,True
shared_vocab_tail,9,14,benign_ja4_1818,0,False,33,0,True,True
shared_vocab_tail,9,15,benign_ja4_1829,0,False,42,0,True,True
shared_vocab_tail,9,16,benign_ja4_1198,0,False,42,0,True,True
shared_vocab_tail,9,17,benign_ja4_62,0,False,31,1,True,True
shared_vocab_tail,9,18,benign_ja4_1437,0,False,39,0,True,True
shared_vocab_tail,9,19,benign_ja4_973,0,False,38,0,True,True
shared_vocab_tail,9,20,benign_ja4_1495,0,False,38,0,True,True
shared_vocab_tail,9,21,benign_ja4_1326,0,False,43,0,True,True
shared_vocab_tail,9,22,benign_ja4_877,0,False,35,0,True,True
shared_vocab_tail,9,23,benign_ja4_574,0,False,46,1,True,True
shared_vocab_tail,9,24,benign_ja4_838,0,False,36,0,True,True
shared_profile_tail,10,0,benign_ja4_628,1,True,40,0,True,False
shared_profile_tail,10,1,benign_ja4_687,1,True,39,0,True,False
shared_profile_tail,10,2,benign_ja4_124,1,True,34,0,True,False
shared_profile_tail,10,3,benign_ja4_140,1,True,32,0,True,False
shared_profile_tail,10,4,benign_ja4_82,1,True,21,2,True,False
shared_profile_tail,10,5,benign_ja4_102,3,True,36,0,True,False
shared_profile_tail,10,6,benign_ja4_77,1,True,24,0,True,False
shared_profile_tail,10,7,benign_ja4_52,3,True,38,1,True,False
shared_profile_tail,10,8,benign_ja4_8,13,True,33,13,False,False
shared_profile_tail,10,9,benign_ja4_37,3,True,47,0,True,False
shared_profile_tail,10,10,benign_ja4_392,1,True,41,0,True,False
shared_profile_tail,10,11,benign_ja4_122,1,True,41,1,True,False
shared_profile_tail,10,12,benign_ja4_589,1,True,32,0,True,False
shared_profile_tail,10,13,benign_ja4_51,1,True,55,1,True,False
shared_profile_tail,10,14,benign_ja4_26,3,True,30,4,True,False
shared_profile_tail,10,15,benign_ja4_492,1,True,35,0,True,False
shared_profile_tail,10,16,benign_ja4_150,1,True,36,0,True,False
shared_profile_tail,10,17,benign_ja4_374,1,True,58,0,True,False
shared_profile_tail,10,18,benign_ja4_205,1,True,26,0,True,False
shared_profile_tail,10,19,benign_ja4_41,2,True,29,3,True,False
shared_profile_tail,10,20,benign_ja4_209,1,True,32,0,True,False
shared_profile_tail,10,21,benign_ja4_22,2,True,42,5,True,False
shared_profile_tail,10,22,benign_ja4_807,1,True,40,0,True,False
shared_profile_tail,10,23,benign_ja4_13,5,True,41,6,True,False
shared_profile_tail,10,24,benign_ja4_31,1,True,28,1,True,False
shared_vocab_tail,10,0,benign_ja4_1499,0,False,40,0,True,True
shared_vocab_tail,10,1,benign_ja4_1025,0,False,39,0,True,True
shared_vocab_tail,10,2,benign_ja4_1654,0,False,34,0,True,True
shared_vocab_tail,10,3,benign_ja4_1536,0,False,32,0,True,True
shared_vocab_tail,10,4,benign_ja4_822,0,False,21,1,True,True
shared_vocab_tail,10,5,benign_ja4_313,0,False,36,0,True,True
shared_vocab_tail,10,6,benign_ja4_1642,0,False,24,0,True,True
shared_vocab_tail,10,7,benign_ja4_418,0,False,38,0,True,True
shared_vocab_tail,10,8,benign_ja4_26,3,True,33,4,True,False
shared_vocab_tail,10,9,benign_ja4_304,0,False,47,0,True,True
shared_vocab_tail,10,10,benign_ja4_1022,0,False,41,0,True,True
shared_vocab_tail,10,11,benign_ja4_1373,0,False,41,0,True,True
shared_vocab_tail,10,12,benign_ja4_1890,0,False,32,0,True,True
shared_vocab_tail,10,13,benign_ja4_1571,0,False,55,0,True,True
shared_vocab_tail,10,14,benign_ja4_278,0,False,30,0,True,True
shared_vocab_tail,10,15,benign_ja4_1049,0,False,35,0,True,True
shared_vocab_tail,10,16,benign_ja4_1909,0,False,36,0,True,True
shared_vocab_tail,10,17,benign_ja4_1677,0,False,58,0,True,True
shared_vocab_tail,10,18,benign_ja4_1649,0,False,26,0,True,True
shared_vocab_tail,10,19,benign_ja4_529,0,False,29,0,True,True
shared_vocab_tail,10,20,benign_ja4_682,0,False,32,0,True,True
shared_vocab_tail,10,21,benign_ja4_477,0,False,42,0,True,True
shared_vocab_tail,10,22,benign_ja4_853,0,False,40,0,True,True
shared_vocab_tail,10,23,benign_ja4_152,0,False,41,0,True,True
shared_vocab_tail,10,24,benign_ja4_809,0,False,28,0,True,True
shared_profile_tail,11,0,benign_ja4_34,3,True,33,1,True,False
shared_profile_tail,11,1,benign_ja4_187,1,True,40,0,True,False
shared_profile_tail,11,2,benign_ja4_185,1,True,39,0,True,False
shared_profile_tail,11,3,benign_ja4_321,1,True,38,0,True,False
shared_profile_tail,11,4,benign_ja4_162,1,True,35,0,True,False
shared_profile_tail,11,5,benign_ja4_687,1,True,37,0,True,False
shared_profile_tail,11,6,benign_ja4_58,1,True,24,1,True,False
shared_profile_tail,11,7,benign_ja4_19,3,True,40,6,True,False
shared_profile_tail,11,8,benign_ja4_248,1,True,39,0,True,False
shared_profile_tail,11,9,benign_ja4_37,3,True,36,1,True,False
shared_profile_tail,11,10,benign_ja4_76,1,True,38,0,True,False
shared_profile_tail,11,11,benign_ja4_235,1,True,30,0,True,False
shared_profile_tail,11,12,benign_ja4_155,1,True,41,0,True,False
shared_profile_tail,11,13,benign_ja4_14,5,True,35,9,True,False
shared_profile_tail,11,14,benign_ja4_26,3,True,37,5,True,False
shared_profile_tail,11,15,benign_ja4_11,9,True,33,14,False,False
shared_profile_tail,11,16,benign_ja4_85,1,True,32,0,True,False
shared_profile_tail,11,17,benign_ja4_60,1,True,31,1,True,False
shared_profile_tail,11,18,benign_ja4_492,1,True,31,0,True,False
shared_profile_tail,11,19,benign_ja4_20,3,True,42,5,True,False
shared_profile_tail,11,20,benign_ja4_1004,1,True,37,0,True,False
shared_profile_tail,11,21,benign_ja4_86,1,True,32,1,True,False
shared_profile_tail,11,22,benign_ja4_129,1,True,42,0,True,False
shared_profile_tail,11,23,benign_ja4_465,1,True,43,0,True,False
shared_profile_tail,11,24,benign_ja4_77,1,True,38,0,True,False
shared_vocab_tail,11,0,benign_ja4_273,0,False,33,2,True,True
shared_vocab_tail,11,1,benign_ja4_1890,0,False,40,0,True,True
shared_vocab_tail,11,2,benign_ja4_1195,0,False,39,0,True,True
shared_vocab_tail,11,3,benign_ja4_993,0,False,38,0,True,True
shared_vocab_tail,11,4,benign_ja4_1734,0,False,35,0,True,True
shared_vocab_tail,11,5,benign_ja4_893,0,False,37,0,True,True
shared_vocab_tail,11,6,benign_ja4_743,1,True,24,0,True,False
shared_vocab_tail,11,7,benign_ja4_262,0,False,40,0,True,True
shared_vocab_tail,11,8,benign_ja4_968,0,False,39,0,True,True
shared_vocab_tail,11,9,benign_ja4_302,0,False,36,0,True,True
shared_vocab_tail,11,10,benign_ja4_1244,0,False,38,0,True,True
shared_vocab_tail,11,11,benign_ja4_1093,0,False,30,0,True,True
shared_vocab_tail,11,12,benign_ja4_803,0,False,41,0,True,True
shared_vocab_tail,11,13,benign_ja4_149,0,False,35,0,True,True
shared_vocab_tail,11,14,benign_ja4_267,0,False,37,0,True,True
shared_vocab_tail,11,15,benign_ja4_66,0,False,33,0,True,True
shared_vocab_tail,11,16,benign_ja4_1845,0,False,32,0,True,True
shared_vocab_tail,11,17,benign_ja4_1172,0,False,31,0,True,True
shared_vocab_tail,11,18,benign_ja4_1084,0,False,31,0,True,True
shared_vocab_tail,11,19,benign_ja4_299,0,False,42,0,True,True
shared_vocab_tail,11,20,benign_ja4_1578,0,False,37,0,True,True
shared_vocab_tail,11,21,benign_ja4_1953,0,False,32,0,True,True
shared_vocab_tail,11,22,benign_ja4_1414,0,False,42,0,True,True
shared_vocab_tail,11,23,benign_ja4_1027,0,False,43,0,True,True
shared_vocab_tail,11,24,benign_ja4_1505,0,False,38,0,True,True
shared_profile_tail,12,0,benign_ja4_25,2,True,40,3,True,False
shared_profile_tail,12,1,benign_ja4_60,1,True,29,0,True,False
shared_profile_tail,12,2,benign_ja4_35,3,True,38,0,True,False
shared_profile_tail,12,3,benign_ja4_235,1,True,43,0,True,False
shared_profile_tail,12,4,benign_ja4_18,6,True,44,7,True,False
shared_profile_tail,12,5,benign_ja4_30,1,True,40,6,True,False
shared_profile_tail,12,6,benign_ja4_78,2,True,27,0,True,False
shared_profile_tail,12,7,benign_ja4_677,1,True,35,0,True,False
shared_profile_tail,12,8,benign_ja4_43,2,True,41,0,True,False
shared_profile_tail,12,9,benign_ja4_199,1,True,38,0,True,False
shared_profile_tail,12,10,benign_ja4_64,1,True,42,1,True,False
shared_profile_tail,12,11,benign_ja4_24,3,True,33,3,True,False
shared_profile_tail,12,12,benign_ja4_31,1,True,36,0,True,False
shared_profile_tail,12,13,benign_ja4_202,1,True,32,0,True,False
shared_profile_tail,12,14,benign_ja4_47,1,True,45,0,True,False
shared_profile_tail,12,15,benign_ja4_32,1,True,44,4,True,False
shared_profile_tail,12,16,benign_ja4_8,13,True,31,21,False,False
shared_profile_tail,12,17,benign_ja4_34,3,True,34,2,True,False
shared_profile_tail,12,18,benign_ja4_1179,1,True,31,0,True,False
shared_profile_tail,12,19,benign_ja4_61,1,True,28,0,True,False
shared_profile_tail,12,20,benign_ja4_185,1,True,37,0,True,False
shared_profile_tail,12,21,benign_ja4_231,1,True,35,0,True,False
shared_profile_tail,12,22,benign_ja4_71,3,True,26,2,True,False
shared_profile_tail,12,23,benign_ja4_162,1,True,27,1,True,False
shared_profile_tail,12,24,benign_ja4_126,1,True,45,0,True,False
shared_vocab_tail,12,0,benign_ja4_503,0,False,40,0,True,True
shared_vocab_tail,12,1,benign_ja4_1214,0,False,29,0,True,True
shared_vocab_tail,12,2,benign_ja4_326,0,False,38,3,True,True
shared_vocab_tail,12,3,benign_ja4_1892,0,False,43,0,True,True
shared_vocab_tail,12,4,benign_ja4_136,1,True,44,0,True,False
shared_vocab_tail,12,5,benign_ja4_963,0,False,40,0,True,True
shared_vocab_tail,12,6,benign_ja4_636,0,False,27,0,True,True
shared_vocab_tail,12,7,benign_ja4_1713,0,False,35,0,True,True
shared_vocab_tail,12,8,benign_ja4_701,0,False,41,0,True,True
shared_vocab_tail,12,9,benign_ja4_1086,0,False,38,0,True,True
shared_vocab_tail,12,10,benign_ja4_941,0,False,42,0,True,True
shared_vocab_tail,12,11,benign_ja4_403,0,False,33,0,True,True
shared_vocab_tail,12,12,benign_ja4_1324,0,False,36,0,True,True
shared_vocab_tail,12,13,benign_ja4_1874,0,False,32,0,True,True
shared_vocab_tail,12,14,benign_ja4_1336,0,False,45,0,True,True
shared_vocab_tail,12,15,benign_ja4_465,1,True,44,0,True,False
shared_vocab_tail,12,16,benign_ja4_15,4,True,31,3,True,False
shared_vocab_tail,12,17,benign_ja4_237,0,False,34,0,True,True
shared_vocab_tail,12,18,benign_ja4_1571,0,False,31,0,True,True
shared_vocab_tail,12,19,benign_ja4_950,0,False,28,0,True,True
shared_vocab_tail,12,20,benign_ja4_1158,0,False,37,0,True,True
shared_vocab_tail,12,21,benign_ja4_363,0,False,35,0,True,True
shared_vocab_tail,12,22,benign_ja4_383,0,False,26,0,True,True
shared_vocab_tail,12,23,benign_ja4_1787,0,False,27,0,True,True
shared_vocab_tail,12,24,benign_ja4_1924,0,False,45,0,True,True
shared_profile_tail,13,0,benign_ja4_101,1,True,26,1,True,False
shared_profile_tail,13,1,benign_ja4_337,1,True,37,0,True,False
shared_profile_tail,13,2,benign_ja4_13,5,True,41,8,True,False
shared_profile_tail,13,3,benign_ja4_124,1,True,42,0,True,False
shared_profile_tail,13,4,benign_ja4_14,5,True,23,4,False,False
shared_profile_tail,13,5,benign_ja4_37,3,True,33,1,True,False
shared_profile_tail,13,6,benign_ja4_677,1,True,43,0,True,False
shared_profile_tail,13,7,benign_ja4_202,1,True,39,0,True,False
shared_profile_tail,13,8,benign_ja4_235,1,True,38,0,True,False
shared_profile_tail,13,9,benign_ja4_356,1,True,39,0,True,False
shared_profile_tail,13,10,benign_ja4_81,1,True,33,1,True,False
shared_profile_tail,13,11,benign_ja4_126,1,True,26,0,True,False
shared_profile_tail,13,12,benign_ja4_61,1,True,41,0,True,False
shared_profile_tail,13,13,benign_ja4_249,1,True,49,0,True,False
shared_profile_tail,13,14,benign_ja4_77,1,True,44,0,True,False
shared_profile_tail,13,15,benign_ja4_42,1,True,39,1,True,False
shared_profile_tail,13,16,benign_ja4_35,3,True,36,2,True,False
shared_profile_tail,13,17,benign_ja4_205,1,True,29,0,True,False
shared_profile_tail,13,18,benign_ja4_46,2,True,36,1,True,False
shared_profile_tail,13,19,benign_ja4_1868,1,True,38,0,True,False
shared_profile_tail,13,20,benign_ja4_231,1,True,22,0,True,False
shared_profile_tail,13,21,benign_ja4_45,2,True,43,1,True,False
shared_profile_tail,13,22,benign_ja4_955,1,True,30,0,True,False
shared_profile_tail,13,23,benign_ja4_8,13,True,33,15,False,False
shared_profile_tail,13,24,benign_ja4_55,1,True,47,0,True,False
shared_vocab_tail,13,0,benign_ja4_1881,0,False,26,0,True,True
shared_vocab_tail,13,1,benign_ja4_1771,0,False,37,0,True,True
shared_vocab_tail,13,2,benign_ja4_162,1,True,41,0,True,False
shared_vocab_tail,13,3,benign_ja4_1571,0,False,42,0,True,True
shared_vocab_tail,13,4,benign_ja4_146,1,True,23,0,True,False
shared_vocab_tail,13,5,benign_ja4_272,0,False,33,0,True,True
shared_vocab_tail,13,6,benign_ja4_1697,0,False,43,0,True,True
shared_vocab_tail,13,7,benign_ja4_1667,0,False,39,0,True,True
shared_vocab_tail,13,8,benign_ja4_1802,0,False,38,0,True,True
shared_vocab_tail,13,9,benign_ja4_1694,0,False,39,0,True,True
shared_vocab_tail,13,10,benign_ja4_1608,0,False,33,0,True,True
shared_vocab_tail,13,11,benign_ja4_1867,0,False,26,0,True,True
shared_vocab_tail,13,12,benign_ja4_962,0,False,41,0,True,True
shared_vocab_tail,13,13,benign_ja4_1204,0,False,49,0,True,True
shared_vocab_tail,13,14,benign_ja4_1711,0,False,44,0,True,True
shared_vocab_tail,13,15,benign_ja4_1964,0,False,39,0,True,True
shared_vocab_tail,13,16,benign_ja4_344,1,True,36,0,True,False
shared_vocab_tail,13,17,benign_ja4_1628,0,False,29,0,True,True
shared_vocab_tail,13,18,benign_ja4_578,0,False,36,0,True,True
shared_vocab_tail,13,19,benign_ja4_1224,0,False,38,0,True,True
shared_vocab_tail,13,20,benign_ja4_1815,0,False,22,0,True,True
shared_vocab_tail,13,21,benign_ja4_525,0,False,43,0,True,True
shared_vocab_tail,13,22,benign_ja4_1588,0,False,30,0,True,True
shared_vocab_tail,13,23,benign_ja4_15,4,True,33,4,True,False
shared_vocab_tail,13,24,benign_ja4_1623,0,False,47,0,True,True
shared_profile_tail,14,0,benign_ja4_162,1,True,35,0,True,False
shared_profile_tail,14,1,benign_ja4_71,3,True,42,0,True,False
shared_profile_tail,14,2,benign_ja4_515,1,True,28,0,True,False
shared_profile_tail,14,3,benign_ja4_26,3,True,51,3,True,False
shared_profile_tail,14,4,benign_ja4_507,1,True,37,1,True,False
shared_profile_tail,14,5,benign_ja4_60,1,True,37,3,True,False
shared_profile_tail,14,6,benign_ja4_101,1,True,39,0,True,False
shared_profile_tail,14,7,benign_ja4_124,1,True,41,0,True,False
shared_profile_tail,14,8,benign_ja4_39,4,True,37,2,True,False
shared_profile_tail,14,9,benign_ja4_76,1,True,23,1,True,False
shared_profile_tail,14,10,benign_ja4_249,1,True,41,0,True,False
shared_profile_tail,14,11,benign_ja4_15,4,True,35,7,True,False
shared_profile_tail,14,12,benign_ja4_478,1,True,41,0,True,False
shared_profile_tail,14,13,benign_ja4_51,1,True,33,2,True,False
shared_profile_tail,14,14,benign_ja4_1179,1,True,34,0,True,False
shared_profile_tail,14,15,benign_ja4_13,5,True,45,6,True,False
shared_profile_tail,14,16,benign_ja4_78,2,True,33,1,True,False
shared_profile_tail,14,17,benign_ja4_183,1,True,39,0,True,False
shared_profile_tail,14,18,benign_ja4_171,1,True,49,1,True,False
shared_profile_tail,14,19,benign_ja4_32,1,True,24,4,True,False
shared_profile_tail,14,20,benign_ja4_97,1,True,28,0,True,False
shared_profile_tail,14,21,benign_ja4_14,5,True,33,2,False,False
shared_profile_tail,14,22,benign_ja4_8,13,True,31,10,False,False
shared_profile_tail,14,23,benign_ja4_687,1,True,38,0,True,False
shared_profile_tail,14,24,benign_ja4_356,1,True,34,0,True,False
shared_vocab_tail,14,0,benign_ja4_1729,0,False,35,0,True,True
shared_vocab_tail,14,1,benign_ja4_371,0,False,42,0,True,True
shared_vocab_tail,14,2,benign_ja4_1644,0,False,28,0,True,True
shared_vocab_tail,14,3,benign_ja4_305,0,False,51,0,True,True
shared_vocab_tail,14,4,benign_ja4_1707,0,False,37,0,True,True
shared_vocab_tail,14,5,benign_ja4_1094,0,False,37,0,True,True
shared_vocab_tail,14,6,benign_ja4_696,0,False,39,0,True,True
shared_vocab_tail,14,7,benign_ja4_1492,0,False,41,0,True,True
shared_vocab_tail,14,8,benign_ja4_184,0,False,37,0,True,True
shared_vocab_tail,14,9,benign_ja4_1395,0,False,23,0,True,True
shared_vocab_tail,14,10,benign_ja4_1146,0,False,41,0,True,True
shared_vocab_tail,14,11,benign_ja4_194,0,False,35,1,True,True
shared_vocab_tail,14,12,benign_ja4_1518,0,False,41,0,True,True
shared_vocab_tail,14,13,benign_ja4_1429,0,False,33,0,True,True
shared_vocab_tail,14,14,benign_ja4_1591,0,False,34,0,True,True
shared_vocab_tail,14,15,benign_ja4_154,0,False,45,0,True,True
shared_vocab_tail,14,16,benign_ja4_720,0,False,33,0,True,True
shared_vocab_tail,14,17,benign_ja4_1295,0,False,39,0,True,True
shared_vocab_tail,14,18,benign_ja4_1276,0,False,49,0,True,True
shared_vocab_tail,14,19,benign_ja4_1815,0,False,24,0,True,True
shared_vocab_tail,14,20,benign_ja4_677,1,True,28,0,True,False
shared_vocab_tail,14,21,benign_ja4_136,1,True,33,1,True,False
shared_vocab_tail,14,22,benign_ja4_11,9,True,31,13,False,False
shared_vocab_tail,14,23,benign_ja4_936,0,False,38,0,True,True
shared_vocab_tail,14,24,benign_ja4_1516,0,False,34,0,True,True
shared_profile_tail,15,0,benign_ja4_102,3,True,39,0,True,False
shared_profile_tail,15,1,benign_ja4_98,1,True,33,0,True,False
shared_profile_tail,15,2,benign_ja4_20,3,True,43,2,True,False
shared_profile_tail,15,3,benign_ja4_70,2,True,42,0,True,False
shared_profile_tail,15,4,benign_ja4_136,1,True,39,0,True,False
shared_profile_tail,15,5,benign_ja4_25,2,True,44,2,True,False
shared_profile_tail,15,6,benign_ja4_85,1,True,38,0,True,False
shared_profile_tail,15,7,benign_ja4_171,1,True,29,0,True,False
shared_profile_tail,15,8,benign_ja4_293,1,True,27,0,True,False
shared_profile_tail,15,9,benign_ja4_492,1,True,44,0,True,False
shared_profile_tail,15,10,benign_ja4_231,1,True,40,0,True,False
shared_profile_tail,15,11,benign_ja4_21,7,True,37,4,False,False
shared_profile_tail,15,12,benign_ja4_138,2,True,26,0,True,False
shared_profile_tail,15,13,benign_ja4_30,1,True,42,3,True,False
shared_profile_tail,15,14,benign_ja4_515,1,True,35,0,True,False
shared_profile_tail,15,15,benign_ja4_23,4,True,35,6,True,False
shared_profile_tail,15,16,benign_ja4_52,3,True,33,3,True,False
shared_profile_tail,15,17,benign_ja4_68,2,True,40,2,True,False
shared_profile_tail,15,18,benign_ja4_86,1,True,38,0,True,False
shared_profile_tail,15,19,benign_ja4_53,2,True,33,1,True,False
shared_profile_tail,15,20,benign_ja4_628,1,True,38,1,True,False
shared_profile_tail,15,21,benign_ja4_187,1,True,27,0,True,False
shared_profile_tail,15,22,benign_ja4_1179,1,True,30,0,True,False
shared_profile_tail,15,23,benign_ja4_955,1,True,32,0,True,False
shared_profile_tail,15,24,benign_ja4_1004,1,True,34,0,True,False
shared_vocab_tail,15,0,benign_ja4_299,0,False,39,0,True,True
shared_vocab_tail,15,1,benign_ja4_916,0,False,33,0,True,True
shared_vocab_tail,15,2,benign_ja4_290,0,False,43,0,True,True
shared_vocab_tail,15,3,benign_ja4_486,0,False,42,0,True,True
shared_vocab_tail,15,4,benign_ja4_884,0,False,39,0,True,True
shared_vocab_tail,15,5,benign_ja4_438,0,False,44,0,True,True
shared_vocab_tail,15,6,benign_ja4_1688,0,False,38,0,True,True
shared_vocab_tail,15,7,benign_ja4_1372,0,False,29,0,True,True
shared_vocab_tail,15,8,benign_ja4_1398,0,False,27,0,True,True
shared_vocab_tail,15,9,benign_ja4_1138,0,False,44,0,True,True
shared_vocab_tail,15,10,benign_ja4_1921,0,False,40,0,True,True
shared_vocab_tail,15,11,benign_ja4_98,1,True,37,0,True,False
shared_vocab_tail,15,12,benign_ja4_694,0,False,26,0,True,True
shared_vocab_tail,15,13,benign_ja4_933,0,False,42,0,True,True
shared_vocab_tail,15,14,benign_ja4_1616,0,False,35,0,True,True
shared_vocab_tail,15,15,benign_ja4_207,0,False,35,0,True,True
shared_vocab_tail,15,16,benign_ja4_409,0,False,33,0,True,True
shared_vocab_tail,15,17,benign_ja4_688,0,False,40,0,True,True
shared_vocab_tail,15,18,benign_ja4_1388,0,False,38,0,True,True
shared_vocab_tail,15,19,benign_ja4_541,0,False,33,0,True,True
shared_vocab_tail,15,20,benign_ja4_1840,0,False,38,0,True,True
shared_vocab_tail,15,21,benign_ja4_1947,0,False,27,0,True,True
shared_vocab_tail,15,22,benign_ja4_1562,0,False,30,0,True,True
shared_vocab_tail,15,23,benign_ja4_1950,0,False,32,0,True,True
shared_vocab_tail,15,24,benign_ja4_1432,0,False,34,0,True,True
