alpha,stacks,adv,seed,sym_recall,sym_fpr,sym_precision,sym_f1,sym_n_ja4,rf_auc,rf_recall_fpr0,rf_recall_fpr1,rfp_auc,rfp_recall_fpr0,rfp_recall_fpr1
0.0,1,0,1,0.882,0.0,1.0,0.9373007438894793,1,0.9839555555555556,0.8933333333333333,0.9166666666666666,0.9902944444444444,0.8933333333333333,0.9266666666666666
0.0,1,0,2,0.901,0.0,1.0,0.9479221462388217,1,0.9830277777777778,0.9166666666666666,0.9266666666666666,0.9911000000000001,0.93,0.9466666666666667
0.0,1,0,3,0.876,0.0,1.0,0.933901918976546,1,0.9803333333333333,0.9033333333333333,0.9066666666666666,0.9887333333333334,0.8933333333333333,0.9033333333333333
0.0,1,0,4,0.909,0.0,1.0,0.9523310633839707,1,0.9786222222222223,0.8866666666666667,0.94,0.9887000000000001,0.9233333333333333,0.9433333333333334
0.0,1,0,5,0.9,0.0,1.0,0.9473684210526316,1,0.9727444444444446,0.9033333333333333,0.9066666666666666,0.9839166666666666,0.9,0.91
0.0,1,0,6,0.889,0.0,1.0,0.9412387506617258,1,0.9643999999999999,0.8833333333333333,0.8933333333333333,0.9783166666666667,0.8866666666666667,0.8966666666666666
0.0,1,0,7,0.904,0.0,1.0,0.9495798319327732,1,0.9716833333333333,0.8933333333333333,0.91,0.9824222222222222,0.91,0.9133333333333333
0.0,1,0,8,0.901,0.0,1.0,0.9479221462388217,1,0.970211111111111,0.9,0.91,0.9844944444444444,0.91,0.92
0.0,1,0,9,0.914,0.0,1.0,0.9550679205851619,1,0.9795277777777777,0.92,0.93,0.9893222222222222,0.9233333333333333,0.9366666666666666
0.0,1,0,10,0.91,0.0,1.0,0.9528795811518325,1,0.9819,0.9166666666666666,0.9233333333333333,0.9900166666666667,0.9133333333333333,0.9433333333333334
0.0,1,0,11,0.893,0.0,1.0,0.9434759640781828,1,0.9705666666666668,0.89,0.9066666666666666,0.9844777777777778,0.8833333333333333,0.92
0.0,1,0,12,0.891,0.0,1.0,0.9423585404547858,1,0.9747055555555555,0.9,0.9166666666666666,0.9860833333333333,0.89,0.9133333333333333
0.0,1,0,13,0.903,0.0,1.0,0.9490278507619548,1,0.9752833333333334,0.8966666666666666,0.92,0.9881,0.9033333333333333,0.92
0.0,1,0,14,0.912,0.0,1.0,0.9539748953974896,1,0.9775888888888888,0.9133333333333333,0.93,0.9895888888888889,0.9266666666666666,0.95
0.0,1,0,15,0.892,0.0,1.0,0.9429175475687104,1,0.9751666666666667,0.9033333333333333,0.9166666666666666,0.9870166666666667,0.9133333333333333,0.93
1.5,1,0,1,0.882,0.0,1.0,0.9373007438894793,1,0.9977,0.9133333333333333,0.96,0.9986888888888888,0.9333333333333333,0.9633333333333334
1.5,1,0,2,0.901,0.0,1.0,0.9479221462388217,1,0.9973555555555556,0.94,0.9533333333333334,0.9985777777777778,0.94,0.96
1.5,1,0,3,0.876,0.0,1.0,0.933901918976546,1,0.9981888888888889,0.9333333333333333,0.9466666666666667,0.999,0.9266666666666666,0.97
1.5,1,0,4,0.909,0.0,1.0,0.9523310633839707,1,0.9983166666666666,0.8966666666666666,0.95,0.9988888888888888,0.93,0.9633333333333334
1.5,1,0,5,0.9,0.0,1.0,0.9473684210526316,1,0.9952833333333333,0.8733333333333333,0.92,0.9976777777777778,0.91,0.9366666666666666
1.5,1,0,6,0.889,0.0,1.0,0.9412387506617258,1,0.9960111111111111,0.9133333333333333,0.9266666666666666,0.9980833333333334,0.8966666666666666,0.9433333333333334
1.5,1,0,7,0.904,0.0,1.0,0.9495798319327732,1,0.9966055555555555,0.9166666666666666,0.9433333333333334,0.9977777777777777,0.91,0.9433333333333334
1.5,1,0,8,0.901,0.0,1.0,0.9479221462388217,1,0.996161111111111,0.9066666666666666,0.9333333333333333,0.9955277777777778,0.0,0.93
1.5,1,0,9,0.914,0.0,1.0,0.9550679205851619,1,0.9965722222222222,0.9233333333333333,0.9266666666666666,0.9982,0.9233333333333333,0.95
1.5,1,0,10,0.91,0.0,1.0,0.9528795811518325,1,0.9978388888888888,0.9233333333333333,0.9466666666666667,0.9981944444444445,0.9133333333333333,0.96
1.5,1,0,11,0.893,0.0,1.0,0.9434759640781828,1,0.9959055555555556,0.9166666666666666,0.93,0.9976722222222222,0.8866666666666667,0.94
1.5,1,0,12,0.891,0.0,1.0,0.9423585404547858,1,0.9978055555555556,0.9166666666666666,0.9533333333333334,0.9992888888888888,0.9166666666666666,0.98
1.5,1,0,13,0.903,0.0,1.0,0.9490278507619548,1,0.9971722222222222,0.91,0.9366666666666666,0.9985944444444446,0.9366666666666666,0.9433333333333334
1.5,1,0,14,0.912,0.0,1.0,0.9539748953974896,1,0.9965833333333334,0.9466666666666667,0.95,0.9985055555555555,0.95,0.9633333333333334
1.5,1,0,15,0.892,0.0,1.0,0.9429175475687104,1,0.9959722222222221,0.9266666666666666,0.9366666666666666,0.9968055555555555,0.9066666666666666,0.9466666666666667
1.5,5,0,1,0.889,0.0,1.0,0.9412387506617258,5,0.9932944444444444,0.77,0.8966666666666666,0.99695,0.8966666666666666,0.9166666666666666
1.5,5,0,2,0.89,0.0,1.0,0.9417989417989417,5,0.9967444444444444,0.9133333333333333,0.93,0.9981833333333333,0.9,0.94
1.5,5,0,3,0.894,0.0,1.0,0.9440337909186906,5,0.9956277777777778,0.9366666666666666,0.94,0.9989944444444444,0.9533333333333334,0.97
1.5,5,0,4,0.906,0.0,1.0,0.9506820566631689,5,0.9969666666666667,0.8466666666666667,0.95,0.9985666666666666,0.94,0.9566666666666667
1.5,5,0,5,0.909,0.0,1.0,0.9523310633839707,5,0.9960277777777778,0.93,0.96,0.99875,0.9366666666666666,0.9666666666666667
1.5,5,0,6,0.894,0.0,1.0,0.9440337909186906,5,0.9944555555555555,0.8933333333333333,0.9333333333333333,0.9982888888888889,0.9233333333333333,0.9466666666666667
1.5,5,0,7,0.915,0.0,1.0,0.9556135770234987,5,0.9982111111111112,0.8766666666666667,0.9733333333333334,0.9989666666666667,0.94,0.97
1.5,5,0,8,0.895,0.0,1.0,0.9445910290237467,5,0.9955111111111111,0.8866666666666667,0.93,0.9981222222222222,0.9033333333333333,0.95
1.5,5,0,9,0.923,0.0,1.0,0.9599583983359334,5,0.994388888888889,0.91,0.94,0.9973888888888889,0.9266666666666666,0.9366666666666666
1.5,5,0,10,0.907,0.0,1.0,0.951232302045097,5,0.9965666666666667,0.89,0.93,0.9974277777777778,0.8966666666666666,0.92
1.5,5,0,11,0.891,0.0,1.0,0.9423585404547858,5,0.9953166666666666,0.8233333333333334,0.92,0.9972944444444444,0.84,0.94
1.5,5,0,12,0.899,0.0,1.0,0.94681411269089,5,0.9989444444444445,0.8866666666666667,0.9833333333333333,0.999311111111111,0.91,0.9833333333333333
1.5,5,0,13,0.899,0.0,1.0,0.94681411269089,5,0.9967722222222223,0.9133333333333333,0.9433333333333334,0.9984333333333333,0.93,0.94
1.5,5,0,14,0.899,0.0,1.0,0.94681411269089,5,0.9935722222222222,0.8833333333333333,0.9366666666666666,0.9976055555555556,0.9166666666666666,0.9333333333333333
1.5,5,0,15,0.895,0.0,1.0,0.9445910290237467,5,0.9948222222222223,0.93,0.9433333333333334,0.9974055555555555,0.9366666666666666,0.9466666666666667
1.5,25,0,1,0.894,0.0,1.0,0.9440337909186906,25,0.9850111111111111,0.6733333333333333,0.8466666666666667,0.9975166666666666,0.8666666666666667,0.9233333333333333
1.5,25,0,2,0.908,0.0,1.0,0.9517819706498952,25,0.9828833333333333,0.69,0.8466666666666667,0.997738888888889,0.93,0.9366666666666666
1.5,25,0,3,0.89,0.0,1.0,0.9417989417989417,25,0.982138888888889,0.23,0.69,0.9988833333333332,0.9366666666666666,0.9566666666666667
1.5,25,0,4,0.916,0.0,1.0,0.9561586638830899,25,0.97985,0.25333333333333335,0.61,0.9987222222222222,0.9433333333333334,0.9633333333333334
1.5,25,0,5,0.895,0.0,1.0,0.9445910290237467,25,0.9853333333333334,0.72,0.82,0.9971999999999999,0.9133333333333333,0.9266666666666666
1.5,25,0,6,0.893,0.0,1.0,0.9434759640781828,25,0.95765,0.0,0.35333333333333333,0.9971444444444444,0.6033333333333334,0.9333333333333333
1.5,25,0,7,0.919,0.0,1.0,0.9577905158936947,25,0.9862777777777777,0.37333333333333335,0.8533333333333334,0.9984944444444445,0.9466666666666667,0.96
1.5,25,0,8,0.888,0.0,1.0,0.940677966101695,25,0.9624055555555555,0.013333333333333334,0.3333333333333333,0.9964777777777778,0.5466666666666666,0.9366666666666666
1.5,25,0,9,0.915,0.0,1.0,0.9556135770234987,25,0.9868611111111111,0.30666666666666664,0.75,0.9970222222222221,0.9166666666666666,0.94
1.5,25,0,10,0.91,0.0,1.0,0.9528795811518325,25,0.9775055555555556,0.19,0.61,0.9985111111111111,0.9033333333333333,0.9633333333333334
1.5,25,0,11,0.903,0.0,1.0,0.9490278507619548,25,0.98725,0.6166666666666667,0.7133333333333334,0.9977611111111111,0.91,0.9533333333333334
1.5,25,0,12,0.901,0.0,1.0,0.9479221462388217,25,0.9834611111111111,0.7333333333333333,0.7833333333333333,0.9992666666666666,0.9266666666666666,0.98
1.5,25,0,13,0.907,0.0,1.0,0.951232302045097,25,0.9776611111111111,0.24666666666666667,0.58,0.9987666666666667,0.9366666666666666,0.9533333333333334
1.5,25,0,14,0.908,0.0,1.0,0.9517819706498952,25,0.9632000000000001,0.0,0.34,0.9980944444444445,0.93,0.95
1.5,25,0,15,0.898,0.0,1.0,0.946259220231823,25,0.9850277777777778,0.41,0.8933333333333333,0.9949444444444444,0.8966666666666666,0.9166666666666666
1.5,100,0,1,0.396,0.0,1.0,0.5673352435530087,31,0.9456944444444444,0.06333333333333334,0.3933333333333333,0.9972944444444445,0.86,0.9166666666666666
1.5,100,0,2,0.384,0.0,1.0,0.5549132947976879,31,0.9627444444444444,0.023333333333333334,0.38,0.9969722222222221,0.9033333333333333,0.9333333333333333
1.5,100,0,3,0.375,0.0,1.0,0.5454545454545454,30,0.9755,0.13,0.5533333333333333,0.9988444444444444,0.9366666666666666,0.9533333333333334
1.5,100,0,4,0.408,0.0,1.0,0.5795454545454546,32,0.9645,0.25333333333333335,0.31333333333333335,0.9976944444444444,0.8233333333333334,0.96
1.5,100,0,5,0.383,0.0,1.0,0.5538684020245842,30,0.953388888888889,0.35,0.47,0.9969444444444444,0.9033333333333333,0.92
1.5,100,0,6,0.333,0.0,1.0,0.4996249062265567,27,0.9557833333333334,0.27666666666666667,0.37666666666666665,0.997511111111111,0.7866666666666666,0.93
1.5,100,0,7,0.397,0.0,1.0,0.5683607730851825,32,0.9733055555555555,0.023333333333333334,0.5533333333333333,0.9982111111111112,0.9366666666666666,0.9566666666666667
1.5,100,0,8,0.349,0.0,1.0,0.5174203113417346,27,0.9517055555555556,0.056666666666666664,0.4066666666666667,0.9965722222222223,0.5466666666666666,0.9333333333333333
1.5,100,0,9,0.398,0.0,1.0,0.569384835479256,33,0.9812333333333333,0.53,0.8366666666666667,0.9967777777777778,0.8833333333333333,0.9333333333333333
1.5,100,0,10,0.426,0.0,1.0,0.5974754558204769,33,0.9605888888888888,0.056666666666666664,0.3333333333333333,0.9982388888888889,0.8633333333333333,0.9666666666666667
1.5,100,0,11,0.358,0.0,1.0,0.5272459499263622,29,0.9762611111111111,0.22666666666666666,0.5066666666666667,0.9979388888888888,0.9133333333333333,0.9566666666666667
1.5,100,0,12,0.396,0.0,1.0,0.5673352435530087,31,0.9665722222222222,0.12333333333333334,0.39666666666666667,0.9990277777777777,0.9166666666666666,0.98
1.5,100,0,13,0.397,0.0,1.0,0.5683607730851825,31,0.943238888888889,0.016666666666666666,0.3566666666666667,0.9982944444444445,0.9333333333333333,0.94
1.5,100,0,14,0.433,0.0,1.0,0.6043265875785067,34,0.9475166666666667,0.26,0.3933333333333333,0.9974333333333333,0.9266666666666666,0.9333333333333333
1.5,100,0,15,0.354,0.0,1.0,0.5228951255539143,28,0.9504166666666667,0.25333333333333335,0.4066666666666667,0.9949722222222223,0.8966666666666666,0.9166666666666666
2.0,25,0,1,0.894,0.0,1.0,0.9440337909186906,25,0.9857333333333332,0.11,0.63,0.9996666666666667,0.97,0.9833333333333333
2.0,25,0,2,0.908,0.0,1.0,0.9517819706498952,25,0.9929666666666667,0.6833333333333333,0.8266666666666667,0.9995,0.9133333333333333,1.0
2.0,25,0,3,0.89,0.0,1.0,0.9417989417989417,25,0.9949500000000001,0.5333333333333333,0.86,0.9993166666666666,0.8533333333333334,1.0
2.0,25,0,4,0.916,0.0,1.0,0.9561586638830899,25,0.9925444444444445,0.6833333333333333,0.8366666666666667,0.9996333333333333,0.97,0.98
2.0,25,0,5,0.895,0.0,1.0,0.9445910290237467,25,0.9911833333333333,0.6933333333333334,0.7866666666666666,0.9994222222222222,0.9166666666666666,1.0
2.0,25,0,6,0.893,0.0,1.0,0.9434759640781828,25,0.9874444444444445,0.33,0.7233333333333334,0.9988888888888889,0.8433333333333334,0.9766666666666667
2.0,25,0,7,0.919,0.0,1.0,0.9577905158936947,25,0.9946611111111111,0.72,0.85,0.9992222222222222,0.8933333333333333,0.9733333333333334
2.0,25,0,8,0.888,0.0,1.0,0.940677966101695,25,0.9921666666666668,0.6766666666666666,0.8433333333333334,0.9998055555555554,0.9433333333333334,1.0
2.0,25,0,9,0.915,0.0,1.0,0.9556135770234987,25,0.9971277777777777,0.82,0.93,0.9996222222222222,0.9166666666666666,1.0
2.0,25,0,10,0.91,0.0,1.0,0.9528795811518325,25,0.9848166666666667,0.32666666666666666,0.69,0.9995222222222222,0.9333333333333333,0.99
2.0,25,0,11,0.903,0.0,1.0,0.9490278507619548,25,0.9974222222222223,0.89,0.93,0.9993722222222223,0.9266666666666666,1.0
2.0,25,0,12,0.901,0.0,1.0,0.9479221462388217,25,0.9994,0.9366666666666666,0.9766666666666667,0.9997777777777778,0.9466666666666667,1.0
2.0,25,0,13,0.907,0.0,1.0,0.951232302045097,25,0.9944666666666667,0.7,0.81,0.9993777777777777,0.9166666666666666,0.9933333333333333
2.0,25,0,14,0.908,0.0,1.0,0.9517819706498952,25,0.9947,0.8633333333333333,0.9033333333333333,0.9996666666666667,0.9633333333333334,1.0
2.0,25,0,15,0.898,0.0,1.0,0.946259220231823,25,0.9917777777777778,0.74,0.8133333333333334,0.998461111111111,0.9066666666666666,0.9233333333333333
1.5,5,1,1,0.164,0.026,0.8631578947368421,0.27563025210084036,1,0.8120111111111111,0.04,0.12,0.8343999999999999,0.03666666666666667,0.10333333333333333
1.5,5,1,2,0.191,0.028,0.8721461187214612,0.313371616078753,1,0.8215444444444444,0.15666666666666668,0.18333333333333332,0.8325944444444444,0.07,0.12666666666666668
1.5,5,1,3,0.154,0.032,0.8279569892473119,0.25969645868465424,1,0.8090277777777778,0.08,0.21,0.8343333333333334,0.10666666666666667,0.2966666666666667
1.5,5,1,4,0.188,0.038,0.831858407079646,0.3066884176182708,1,0.8035222222222222,0.02666666666666667,0.17,0.8100277777777778,0.0033333333333333335,0.22666666666666666
1.5,5,1,5,0.171,0.036,0.8260869565217391,0.2833471416735709,1,0.8003666666666666,0.08333333333333333,0.16,0.8183055555555556,0.043333333333333335,0.19666666666666666
1.5,5,1,6,0.162,0.028,0.8526315789473684,0.27226890756302524,1,0.8032444444444444,0.12333333333333334,0.24,0.8209055555555556,0.06666666666666667,0.18666666666666668
1.5,5,1,7,0.196,0.033,0.8558951965065502,0.3189585028478438,1,0.826888888888889,0.0,0.13666666666666666,0.82265,0.0,0.14666666666666667
1.5,5,1,8,0.178,0.031,0.8516746411483254,0.2944582299421009,1,0.78475,0.08666666666666667,0.14,0.8065444444444444,0.03666666666666667,0.12666666666666668
1.5,5,1,9,0.177,0.034,0.8388625592417062,0.29232039636663915,1,0.7982499999999999,0.09,0.16,0.8088444444444445,0.04666666666666667,0.13
1.5,5,1,10,0.178,0.036,0.8317757009345794,0.2932454695222405,1,0.7990111111111111,0.08333333333333333,0.16333333333333333,0.8117055555555555,0.05,0.14333333333333334
1.5,5,1,11,0.167,0.038,0.8146341463414634,0.27717842323651454,1,0.7994666666666668,0.0,0.07,0.8063611111111111,0.013333333333333334,0.07
1.5,5,1,12,0.158,0.031,0.8359788359788359,0.2657695542472666,1,0.8293166666666667,0.10666666666666667,0.20333333333333334,0.8375833333333332,0.1,0.17333333333333334
1.5,5,1,13,0.184,0.045,0.8034934497816594,0.29943043124491453,1,0.8137833333333334,0.05,0.07,0.8216666666666665,0.04666666666666667,0.06333333333333334
1.5,5,1,14,0.17,0.037,0.821256038647343,0.28169014084507044,1,0.7971277777777779,0.07666666666666666,0.11333333333333333,0.8091166666666667,0.0,0.03333333333333333
1.5,5,1,15,0.199,0.031,0.8652173913043478,0.32357723577235775,1,0.8393277777777778,0.11333333333333333,0.19666666666666666,0.8474166666666665,0.09,0.2733333333333333
1.5,25,1,1,0.266,0.046,0.8525641025641025,0.40548780487804875,8,0.8729055555555555,0.03666666666666667,0.24333333333333335,0.8877055555555556,0.056666666666666664,0.30666666666666664
1.5,25,1,2,0.307,0.043,0.8771428571428571,0.45481481481481484,8,0.8708111111111111,0.0,0.24666666666666667,0.8795944444444445,0.0033333333333333335,0.12333333333333334
1.5,25,1,3,0.309,0.033,0.9035087719298246,0.46050670640834573,8,0.8770944444444445,0.02666666666666667,0.37333333333333335,0.8739,0.15,0.31
1.5,25,1,4,0.34,0.045,0.8831168831168831,0.4909747292418773,9,0.8714333333333333,0.11333333333333333,0.23666666666666666,0.8829222222222223,0.21,0.29
1.5,25,1,5,0.317,0.032,0.9083094555873925,0.4699777613046701,9,0.841661111111111,0.2,0.25,0.8626666666666666,0.07333333333333333,0.23
1.5,25,1,6,0.241,0.036,0.8700361010830325,0.37744714173844945,7,0.8752444444444446,0.03333333333333333,0.21333333333333335,0.8935944444444445,0.11333333333333333,0.24
1.5,25,1,7,0.344,0.044,0.8865979381443299,0.4956772334293948,9,0.8623777777777779,0.0033333333333333335,0.24333333333333335,0.8774388888888889,0.0,0.22
1.5,25,1,8,0.265,0.025,0.9137931034482759,0.41085271317829464,7,0.82375,0.08,0.13,0.8421277777777777,0.02,0.16666666666666666
1.5,25,1,9,0.307,0.036,0.8950437317784257,0.45718540580789274,8,0.8532277777777777,0.14,0.18666666666666668,0.8638555555555555,0.05333333333333334,0.19
1.5,25,1,10,0.26,0.028,0.9027777777777778,0.4037267080745341,7,0.8672388888888888,0.07,0.16666666666666666,0.8822222222222222,0.0,0.11666666666666667
1.5,25,1,11,0.307,0.037,0.8924418604651163,0.45684523809523814,8,0.8962666666666668,0.08333333333333333,0.3,0.9054666666666666,0.03333333333333333,0.36666666666666664
1.5,25,1,12,0.284,0.043,0.8685015290519877,0.428033157498116,8,0.8850777777777777,0.08333333333333333,0.2733333333333333,0.8938333333333334,0.1,0.30666666666666664
1.5,25,1,13,0.381,0.049,0.8860465116279069,0.5328671328671329,10,0.8423111111111112,0.0,0.2,0.8503222222222221,0.0,0.14333333333333334
1.5,25,1,14,0.316,0.031,0.9106628242074928,0.4691907943578322,9,0.8284333333333334,0.10666666666666667,0.16666666666666666,0.8456166666666667,0.03,0.12666666666666668
1.5,25,1,15,0.317,0.039,0.8904494382022472,0.46755162241887904,9,0.8559055555555556,0.18666666666666668,0.27666666666666667,0.8633444444444445,0.14,0.32666666666666666
2.0,25,1,1,0.531,0.033,0.9414893617021277,0.6790281329923274,15,0.9220333333333334,0.15666666666666668,0.27666666666666667,0.927911111111111,0.0,0.24
2.0,25,1,2,0.53,0.034,0.9397163120567376,0.6777493606138107,14,0.9267666666666666,0.10666666666666667,0.2966666666666667,0.9316888888888889,0.0,0.26
2.0,25,1,3,0.491,0.027,0.9478764478764479,0.6469038208168643,14,0.9301555555555556,0.21666666666666667,0.3433333333333333,0.93815,0.23,0.48
2.0,25,1,4,0.514,0.035,0.936247723132969,0.6636539703034215,14,0.9231111111111111,0.023333333333333334,0.43666666666666665,0.9246277777777778,0.10333333333333333,0.28
2.0,25,1,5,0.459,0.028,0.9425051334702259,0.6173503698722259,13,0.9033500000000001,0.006666666666666667,0.21333333333333335,0.9129055555555555,0.01,0.21333333333333335
2.0,25,1,6,0.492,0.036,0.9318181818181818,0.6439790575916231,14,0.9173277777777777,0.0,0.23333333333333334,0.9254666666666668,0.0,0.24333333333333335
2.0,25,1,7,0.491,0.027,0.9478764478764479,0.6469038208168643,13,0.909461111111111,0.03,0.17666666666666667,0.9248611111111111,0.06,0.32666666666666666
2.0,25,1,8,0.492,0.041,0.9230769230769231,0.6418786692759296,14,0.8929722222222223,0.08,0.2633333333333333,0.8998,0.03666666666666667,0.20333333333333334
2.0,25,1,9,0.523,0.04,0.9289520426287744,0.6692258477287268,14,0.9042444444444444,0.03,0.25333333333333335,0.9072666666666667,0.0,0.15333333333333332
2.0,25,1,10,0.54,0.025,0.9557522123893806,0.6900958466453674,14,0.9262,0.03666666666666667,0.22333333333333333,0.9379777777777779,0.04,0.33666666666666667
2.0,25,1,11,0.548,0.04,0.9319727891156463,0.6901763224181361,15,0.9355,0.22666666666666666,0.36,0.9414444444444445,0.03333333333333333,0.2633333333333333
2.0,25,1,12,0.495,0.032,0.9392789373814042,0.6483300589390962,14,0.9295444444444446,0.21,0.4033333333333333,0.934461111111111,0.2833333333333333,0.4066666666666667
2.0,25,1,13,0.518,0.03,0.9452554744525548,0.669250645994832,14,0.9215,0.11,0.22,0.9255000000000001,0.07666666666666666,0.30333333333333334
2.0,25,1,14,0.503,0.033,0.9384328358208955,0.6549479166666667,14,0.9073666666666667,0.09333333333333334,0.32666666666666666,0.9171222222222222,0.22666666666666666,0.42333333333333334
2.0,25,1,15,0.501,0.03,0.943502824858757,0.6544741998693665,14,0.8982722222222224,0.09,0.26666666666666666,0.9088333333333333,0.09666666666666666,0.27666666666666667
