mode,alpha,stacks,adv,method,d_recall_mean,d_recall_min,d_recall_max,d_fpr_mean,d_f1_mean,d_f1_min,d_f1_max,seeds_f1_equal,seeds_f1_better,seeds_f1_worse
original,0.0,1,0,unseen,0.0,0.0,0.0,0.0003333333333333333,-0.00016577861948912826,-0.002486679292336924,0.0,14,0,1
original,0.0,1,0,union,0.0,0.0,0.0,0.0003333333333333333,-0.00016577861948912826,-0.002486679292336924,0.0,14,0,1
original,0.0,1,0,modal,0.0,0.0,0.0,0.0,0.0,0.0,0.0,15,0,0
original,1.5,1,0,unseen,0.0,0.0,0.0,0.0003333333333333333,-0.00016585354639218804,-0.0024878031958828206,0.0,14,0,1
original,1.5,1,0,union,0.0,0.0,0.0,0.0003333333333333333,-0.00016585354639218804,-0.0024878031958828206,0.0,14,0,1
original,1.5,1,0,modal,0.0,0.0,0.0,0.0,0.0,0.0,0.0,15,0,0
original,1.5,5,0,unseen,0.0,0.0,0.0,0.0003333333333333333,-0.00016582627885280605,-0.002487394182792091,0.0,14,0,1
original,1.5,5,0,union,0.0,0.0,0.0,0.0003333333333333333,-0.00016582627885280605,-0.002487394182792091,0.0,14,0,1
original,1.5,5,0,modal,-0.9003333333333335,-0.923,-0.889,0.39,-0.9475270405549776,-0.9599583983359334,-0.9412387506617258,0,0,15
original,1.5,5,1,unseen,-0.1758,-0.199,-0.154,-0.03326666666666667,-0.29050874518293746,-0.32357723577235775,-0.25969645868465424,0,0,15
original,1.5,5,1,union,0.0,0.0,0.0,0.00033333333333333316,-8.304587533665512e-05,-0.0012456881300498268,0.0,14,0,1
original,1.5,5,1,modal,0.008533333333333329,-0.02100000000000002,0.035,0.3564,-0.05635346202680686,-0.09034975039846427,-0.018625030113225666,0,0,15
original,1.5,25,0,unseen,0.0,0.0,0.0,0.0003333333333333333,-0.00016591335482962026,-0.002488700322444304,0.0,14,0,1
original,1.5,25,0,union,0.0,0.0,0.0,0.0003333333333333333,-0.00016591335482962026,-0.002488700322444304,0.0,14,0,1
original,1.5,25,0,modal,-0.9029999999999999,-0.919,-0.888,0.39,-0.9490016993633906,-0.9577905158936947,-0.940677966101695,0,0,15
original,1.5,25,1,unseen,-0.30406666666666665,-0.381,-0.241,-0.03746666666666667,-0.45207593094090137,-0.5328671328671329,-0.37744714173844945,0,0,15
original,1.5,25,1,union,0.0,0.0,0.0,0.00033333333333333365,-0.00011773974322347355,-0.0017660961483521032,0.0,14,0,1
original,1.5,25,1,modal,-0.2680666666666667,-0.355,-0.208,0.3522,-0.4015923525985834,-0.4962474145572738,-0.33090271296552987,0,0,15
original,1.5,100,0,unseen,0.49546666666666667,0.453,0.5449999999999999,0.0003333333333333333,0.380435528969853,0.33522802535892704,0.43541236746886386,0,15,0
original,1.5,100,0,union,0.49546666666666667,0.453,0.5449999999999999,0.0003333333333333333,0.380435528969853,0.33522802535892704,0.43541236746886386,0,15,0
original,1.5,100,0,modal,-0.3858,-0.433,-0.333,0.39,-0.5562364601350307,-0.6043265875785067,-0.4996249062265567,0,0,15
original,2.0,25,0,unseen,0.0,0.0,0.0,0.00046666666666666666,-0.00023202549563526483,-0.0034803824345289724,0.0,14,0,1
original,2.0,25,0,union,0.0,0.0,0.0,0.00046666666666666666,-0.00023202549563526483,-0.0034803824345289724,0.0,14,0,1
original,2.0,25,0,modal,-0.9029999999999999,-0.919,-0.888,0.6110666666666666,-0.9490016993633906,-0.9577905158936947,-0.940677966101695,0,0,15
original,2.0,25,1,unseen,-0.4370666666666667,-0.47400000000000003,-0.398,-0.029333333333333343,-0.5267285558689535,-0.5577566108578558,-0.49254784798866835,0,0,15
original,2.0,25,1,union,0.0,0.0,0.0,0.0,0.0,0.0,0.0,15,0,0
original,2.0,25,1,modal,-0.47253333333333336,-0.515,-0.41800000000000004,0.5783333333333334,-0.6158788420126194,-0.6496606686428138,-0.5677135659981339,0,0,15
shared_profile_tail,1.5,25,0,unseen,-0.8544666666666666,-0.916,-0.787,-0.022000000000000006,-0.9102961987554765,-0.943843379701185,-0.8739589117157135,0,0,15
shared_profile_tail,1.5,25,0,union,0.0,0.0,0.0,0.00033333333333333316,-0.00016167238432703476,-0.0024250857649055213,0.0,14,0,1
shared_profile_tail,1.5,25,0,modal,-0.8544666666666666,-0.916,-0.787,0.36766666666666664,-0.9102961987554765,-0.943843379701185,-0.8739589117157135,0,0,15
shared_vocab_tail,1.5,25,0,unseen,-0.0540666666666667,-0.133,0.0,-0.0008,-0.030837418845777318,-0.07663695085180033,0.0,2,0,13
shared_vocab_tail,1.5,25,0,union,0.0,0.0,0.0,0.0003333333333333333,-0.00016574052813690028,-0.0024861079220535043,0.0,14,0,1
shared_vocab_tail,1.5,25,0,modal,-0.8981333333333335,-0.919,-0.853,0.3874,-0.9449589222774594,-0.9557982319292772,-0.9201725997842503,0,0,15
