mode,alpha,stacks,adv,method,n,in_paper,recall,fpr,precision,f1,n_named,n_named_attack_only,n_named_benign_only,n_named_both,recall_min,recall_max,fpr_max,f1_ci_lo,f1_ci_hi,recall_ci_lo,recall_ci_hi,seeds_unseen_equals_enrichment,seeds_enr_empty_ja4
original,0.0,1,0,enrichment,15,,0.8984666666666669,0.0,1.0,0.9464844881581924,1.0,1.0,0.0,0.0,0.876,0.914,0.0,0.9433960731768571,0.9494202800376993,0.8929333333333332,0.9037333333333335,14,0
original,0.0,1,0,unseen,15,,0.8984666666666669,0.0003333333333333333,0.9996320824135393,0.9463187095387032,1.0666666666666667,1.0,0.06666666666666667,0.0,0.876,0.914,0.005,0.9432135875237804,0.949305482343276,0.8929333333333332,0.9037333333333335,14,0
original,0.0,1,0,union,15,,0.8984666666666669,0.0003333333333333333,0.9996320824135393,0.9463187095387032,1.0666666666666667,1.0,0.06666666666666667,0.0,0.876,0.914,0.005,0.9432135875237804,0.949305482343276,0.8929333333333332,0.9037333333333335,14,0
original,0.0,1,0,modal,15,,0.8984666666666669,0.0,1.0,0.9464844881581924,1.0,1.0,0.0,0.0,0.876,0.914,0.0,0.9433960731768571,0.9494202800376993,0.8929333333333332,0.9037333333333335,14,0
original,0.0,1,0,zscore,15,,0.8984666666666669,0.0,1.0,0.9464844881581924,1.0,1.0,0.0,0.0,0.876,0.914,0.0,0.9433960731768571,0.9494202800376993,0.8929333333333332,0.9037333333333335,14,0
original,1.5,1,0,enrichment,15,Table II + Fig. 2,0.8984666666666669,0.0,1.0,0.9464844881581924,1.0,1.0,0.0,0.0,0.876,0.914,0.0,0.9433960731768571,0.9494202800376993,0.8929333333333332,0.9037333333333335,14,0
original,1.5,1,0,unseen,15,Table II + Fig. 2,0.8984666666666669,0.0003333333333333333,0.99963530269876,0.9463186346118001,1.0666666666666667,1.0,0.06666666666666667,0.0,0.876,0.914,0.005,0.9432639479811072,0.949228190967756,0.8929333333333332,0.9037333333333335,14,0
original,1.5,1,0,union,15,Table II + Fig. 2,0.8984666666666669,0.0003333333333333333,0.99963530269876,0.9463186346118001,1.0666666666666667,1.0,0.06666666666666667,0.0,0.876,0.914,0.005,0.9432639479811072,0.949228190967756,0.8929333333333332,0.9037333333333335,14,0
original,1.5,1,0,modal,15,Table II + Fig. 2,0.8984666666666669,0.0,1.0,0.9464844881581924,1.0,1.0,0.0,0.0,0.876,0.914,0.0,0.9433960731768571,0.9494202800376993,0.8929333333333332,0.9037333333333335,14,0
original,1.5,1,0,zscore,15,Table II + Fig. 2,0.8984666666666669,0.0,1.0,0.9464844881581924,1.0,1.0,0.0,0.0,0.876,0.914,0.0,0.9433960731768571,0.9494202800376993,0.8929333333333332,0.9037333333333335,14,0
original,1.5,5,0,enrichment,15,Table II + Fig. 2,0.9003333333333335,0.0,1.0,0.9475270405549776,5.0,5.0,0.0,0.0,0.889,0.923,0.0,0.9450316663222758,0.9502886405522676,0.8958000000000002,0.9053333333333335,14,0
original,1.5,5,0,unseen,15,Table II + Fig. 2,0.9003333333333335,0.0003333333333333333,0.999634101719722,0.9473612142761247,5.066666666666666,5.0,0.06666666666666667,0.0,0.889,0.923,0.005,0.9449361477624012,0.9501243744557523,0.8958000000000002,0.9053333333333335,14,0
original,1.5,5,0,union,15,Table II + Fig. 2,0.9003333333333335,0.0003333333333333333,0.999634101719722,0.9473612142761247,5.066666666666666,5.0,0.06666666666666667,0.0,0.889,0.923,0.005,0.9449361477624012,0.9501243744557523,0.8958000000000002,0.9053333333333335,14,0
original,1.5,5,0,modal,15,Table II + Fig. 2,0.0,0.39,0.0,0.0,1.0,0.0,1.0,0.0,0.0,0.0,0.424,0.0,0.0,0.0,0.0,14,0
original,1.5,5,0,zscore,15,Table II + Fig. 2,0.9003333333333335,0.0,1.0,0.9475270405549776,5.0,5.0,0.0,0.0,0.889,0.923,0.0,0.9450316663222758,0.9502886405522676,0.8958000000000002,0.9053333333333335,14,0
original,1.5,25,0,enrichment,15,Table II + Fig. 2,0.9029999999999999,0.0,1.0,0.9490016993633906,25.0,25.0,0.0,0.0,0.888,0.919,0.0,0.9463548312051423,0.9516098817816965,0.8982000000000002,0.9077333333333333,14,0
original,1.5,25,0,unseen,15,Table II + Fig. 2,0.9029999999999999,0.0003333333333333333,0.9996380745566413,0.948835786008561,25.066666666666666,25.0,0.06666666666666667,0.0,0.888,0.919,0.005,0.9463126337129574,0.9513545924513958,0.8982000000000002,0.9077333333333333,14,0
original,1.5,25,0,union,15,Table II + Fig. 2,0.9029999999999999,0.0003333333333333333,0.9996380745566413,0.948835786008561,25.066666666666666,25.0,0.06666666666666667,0.0,0.888,0.919,0.005,0.9463126337129574,0.9513545924513958,0.8982000000000002,0.9077333333333333,14,0
original,1.5,25,0,modal,15,Table II + Fig. 2,0.0,0.39,0.0,0.0,1.0,0.0,1.0,0.0,0.0,0.0,0.424,0.0,0.0,0.0,0.0,14,0
original,1.5,25,0,zscore,15,Table II + Fig. 2,0.9029999999999999,0.0,1.0,0.9490016993633906,25.0,25.0,0.0,0.0,0.888,0.919,0.0,0.9463548312051423,0.9516098817816965,0.8982000000000002,0.9077333333333333,14,0
shared_profile_tail,1.5,25,0,enrichment,15,shared stacks (new),0.8544666666666666,0.022333333333333337,0.9745946645789925,0.9102961987554765,23.533333333333335,14.333333333333334,0.0,9.2,0.787,0.916,0.031,0.9017209970308075,0.918649045165256,0.8393999999999999,0.8690000000000001,0,0
shared_profile_tail,1.5,25,0,unseen,15,shared stacks (new),0.0,0.0003333333333333333,0.0,0.0,0.06666666666666667,0.0,0.06666666666666667,0.0,0.0,0.0,0.005,0.0,0.0,0.0,0.0,0,0
shared_profile_tail,1.5,25,0,union,15,shared stacks (new),0.8544666666666666,0.022666666666666672,0.9742516651009809,0.9101345263711493,23.6,14.333333333333334,0.06666666666666667,9.2,0.787,0.916,0.031,0.9016825219635456,0.9182309291454718,0.8393999999999999,0.8690000000000001,0,0
shared_profile_tail,1.5,25,0,modal,15,shared stacks (new),0.0,0.39,0.0,0.0,1.0,0.0,1.0,0.0,0.0,0.0,0.424,0.0,0.0,0.0,0.0,0,0
shared_profile_tail,1.5,25,0,zscore,15,shared stacks (new),0.8992,0.03373333333333333,0.9639505670384629,0.9303850073042672,24.866666666666667,14.333333333333334,0.0,10.533333333333333,0.877,0.919,0.05,0.9269241154019264,0.9339726707772413,0.8936,0.9049350000000003,0,0
shared_vocab_tail,1.5,25,0,enrichment,15,shared stacks (new),0.8981333333333335,0.0026000000000000003,0.9971248713383772,0.9449589222774594,24.866666666666667,23.2,0.0,1.6666666666666667,0.853,0.919,0.006,0.9400314111133431,0.9492227071615194,0.8891333333333334,0.9058666666666667,2,0
shared_vocab_tail,1.5,25,0,unseen,15,shared stacks (new),0.8440666666666666,0.0018,0.9978655262025259,0.9141215034316821,23.4,22.133333333333333,0.06666666666666667,1.2,0.774,0.908,0.006,0.9032251686222194,0.9248402519076461,0.8257983333333331,0.8622666666666665,2,0
shared_vocab_tail,1.5,25,0,union,15,shared stacks (new),0.8981333333333335,0.0029333333333333334,0.9967637326950441,0.9447931817493225,24.933333333333334,23.2,0.06666666666666667,1.6666666666666667,0.853,0.919,0.006,0.9399759166392562,0.9489400643148644,0.8891333333333334,0.9058666666666667,2,0
shared_vocab_tail,1.5,25,0,modal,15,shared stacks (new),0.0,0.39,0.0,0.0,1.0,0.0,1.0,0.0,0.0,0.0,0.424,0.0,0.0,0.0,0.0,2,0
shared_vocab_tail,1.5,25,0,zscore,15,shared stacks (new),0.9029999999999999,0.0037999999999999996,0.995827248090562,0.9471135623340552,25.0,23.2,0.0,1.8,0.888,0.919,0.015,0.9444252486830398,0.949838191276225,0.8982000000000002,0.9077333333333333,2,0
original,1.5,100,0,enrichment,15,Table II + Fig. 2,0.3858,0.0,1.0,0.5562364601350307,30.6,30.6,0.0,0.0,0.333,0.433,0.0,0.5417248604789888,0.570398706135474,0.372,0.3993999999999999,0,0
original,1.5,100,0,unseen,15,Table II + Fig. 2,0.8812666666666668,0.0003333333333333333,0.9996308600959763,0.9366719891048837,93.8,93.73333333333333,0.06666666666666667,0.0,0.858,0.908,0.005,0.933213072689415,0.9402986690474849,0.875,0.8879333333333332,0,0
original,1.5,100,0,union,15,Table II + Fig. 2,0.8812666666666668,0.0003333333333333333,0.9996308600959763,0.9366719891048837,93.8,93.73333333333333,0.06666666666666667,0.0,0.858,0.908,0.005,0.933213072689415,0.9402986690474849,0.875,0.8879333333333332,0,0
original,1.5,100,0,modal,15,Table II + Fig. 2,0.0,0.39,0.0,0.0,1.0,0.0,1.0,0.0,0.0,0.0,0.424,0.0,0.0,0.0,0.0,0,0
original,1.5,100,0,zscore,15,Table II + Fig. 2,0.8040000000000002,0.0,1.0,0.8911021802358633,79.86666666666666,79.86666666666666,0.0,0.0,0.749,0.854,0.0,0.8825045049655162,0.8995289405670112,0.7900666666666668,0.8177333333333332,0,0
original,2.0,25,0,enrichment,15,Sec. V-C text (modal 61.1%),0.9029999999999999,0.0,1.0,0.9490016993633906,25.0,25.0,0.0,0.0,0.888,0.919,0.0,0.9463548312051423,0.9516098817816965,0.8982000000000002,0.9077333333333333,14,0
original,2.0,25,0,unseen,15,Sec. V-C text (modal 61.1%),0.9029999999999999,0.00046666666666666666,0.9994938539407087,0.9487696738677553,25.066666666666666,25.0,0.06666666666666667,0.0,0.888,0.919,0.007,0.946229484867218,0.9512911142726613,0.8982000000000002,0.9077333333333333,14,0
original,2.0,25,0,union,15,Sec. V-C text (modal 61.1%),0.9029999999999999,0.00046666666666666666,0.9994938539407087,0.9487696738677553,25.066666666666666,25.0,0.06666666666666667,0.0,0.888,0.919,0.007,0.946229484867218,0.9512911142726613,0.8982000000000002,0.9077333333333333,14,0
original,2.0,25,0,modal,15,Sec. V-C text (modal 61.1%),0.0,0.6110666666666666,0.0,0.0,1.0,0.0,1.0,0.0,0.0,0.0,0.64,0.0,0.0,0.0,0.0,14,0
original,2.0,25,0,zscore,15,Sec. V-C text (modal 61.1%),0.9029999999999999,0.00046666666666666666,0.9994938539407087,0.9487696738677553,25.066666666666666,25.0,0.06666666666666667,0.0,0.888,0.919,0.007,0.946229484867218,0.9512911142726613,0.8982000000000002,0.9077333333333333,14,0
original,1.5,5,1,enrichment,15,,0.1758,0.0336,0.8395083936759453,0.29050874518293746,1.0,0.0,0.0,1.0,0.154,0.199,0.045,0.28123047950314034,0.2999783986170192,0.16913333333333333,0.18259999999999996,0,0
original,1.5,5,1,unseen,15,,0.0,0.0003333333333333333,0.0,0.0,0.06666666666666667,0.0,0.06666666666666667,0.0,0.0,0.0,0.005,0.0,0.0,0.0,0.0,0,0
original,1.5,5,1,union,15,,0.1758,0.033933333333333336,0.8383080207941566,0.2904256993076008,1.0666666666666667,0.0,0.06666666666666667,1.0,0.154,0.199,0.045,0.2811699017981079,0.2998709449751903,0.16913333333333333,0.18259999999999996,0,0
original,1.5,5,1,modal,15,,0.18433333333333335,0.39,0.32115856207470383,0.23415528315613063,1.0,0.0,0.0,1.0,0.172,0.197,0.424,0.22951976607833993,0.23892013954156072,0.1802666666666667,0.1882666666666667,0,0
original,1.5,5,1,zscore,15,,0.7160000000000001,0.2952,0.7081442689389916,0.711987669635903,4.0,0.0,0.0,4.0,0.696,0.74,0.316,0.7081483987862291,0.7160487548690376,0.7100666666666665,0.7222000000000001,0,0
original,1.5,25,1,enrichment,15,Table II + Fig. 2,0.30406666666666665,0.03779999999999999,0.8893995257418434,0.45207593094090137,8.266666666666667,0.13333333333333333,0.0,8.133333333333333,0.241,0.381,0.049,0.4321664166384453,0.4715647528708856,0.28653333333333336,0.3218666666666667,0,0
original,1.5,25,1,unseen,15,Table II + Fig. 2,0.0,0.0003333333333333333,0.0,0.0,0.06666666666666667,0.0,0.06666666666666667,0.0,0.0,0.0,0.005,0.0,0.0,0.0,0.0,0,0
original,1.5,25,1,union,15,Table II + Fig. 2,0.30406666666666665,0.03813333333333334,0.8886447249870426,0.4519581911976779,8.333333333333334,0.13333333333333333,0.06666666666666667,8.133333333333333,0.241,0.381,0.05,0.43211364859002704,0.4713895075414239,0.28653333333333336,0.3218666666666667,0,0
original,1.5,25,1,modal,15,Table II + Fig. 2,0.036000000000000004,0.39,0.08459023006539576,0.05048357834231805,1.0,0.0,0.0,1.0,0.026,0.041,0.424,0.047225853670817775,0.053303814552380056,0.03360000000000001,0.03806666666666667,0,0
original,1.5,25,1,zscore,15,Table II + Fig. 2,0.5726,0.11333333333333333,0.8358275146469507,0.6782582269011878,15.666666666666666,0.26666666666666666,0.0,15.4,0.447,0.634,0.173,0.660156984870733,0.6926028167273907,0.5476666666666666,0.5939333333333333,0,0
original,2.0,25,1,enrichment,15,,0.5085333333333334,0.03273333333333334,0.9395835765104983,0.6595965360363505,14.0,2.2666666666666666,0.0,11.733333333333333,0.459,0.548,0.041,0.6499060831795521,0.6691897501750741,0.4970666666666667,0.5199333333333332,0,0
original,2.0,25,1,unseen,15,,0.07146666666666665,0.0034000000000000002,0.9551736421707614,0.13286798016739698,2.0,0.4,0.0,1.6,0.057,0.082,0.011,0.12554056784596285,0.14005876835016043,0.06726666666666666,0.07559999999999999,0,0
original,2.0,25,1,union,15,,0.5085333333333334,0.03273333333333334,0.9395835765104983,0.6595965360363505,14.0,2.2666666666666666,0.0,11.733333333333333,0.459,0.548,0.041,0.6499060831795521,0.6691897501750741,0.4970666666666667,0.5199333333333332,0,0
original,2.0,25,1,modal,15,,0.036000000000000004,0.6110666666666666,0.055661294748710094,0.043717694023731136,1.0,0.0,0.0,1.0,0.026,0.041,0.64,0.040840848402815884,0.04623237538274009,0.03360000000000001,0.03806666666666667,0,0
original,2.0,25,1,zscore,15,,0.6646666666666667,0.07266666666666668,0.9017689848252438,0.7650314638053572,18.333333333333332,2.4,0.0,15.933333333333334,0.618,0.688,0.112,0.7568974992594854,0.7726484568838256,0.6536000000000002,0.6743333333333332,0,0
